"Industrial Producing Groupings of Waste","Kod","Benämning"
,"A","Företag inom jordbruk, skogsbruk och fiske"
2,"01","Jordbruksföretag och serviceföretag till jordbruk"
2,"01.1","Växtodlare av ett- och tvååriga växter"
2,"01.11","Odlare av spannmål (utom ris), baljväxter och oljeväxter"
2,"01.110","Odlare av spannmål (utom ris), baljväxter och oljeväxter"
2,"01.12","Risodlare"
2,"01.120","Risodlare"
2,"01.13","Odlare av grönsaker, rotfrukter m.m."
2,"01.131","Potatisodlare"
2,"01.132","Sockerbetsodlare"
2,"01.133","Odlare av grönsaker på friland"
2,"01.134","Odlare av grönsaker i växthus"
2,"01.135","Svampodlare m.fl."
2,"01.14","Sockerrörsodlare"
2,"01.140","Sockerrörsodlare"
2,"01.15","Tobaksodlare"
2,"01.150","Tobaksodlare"
2,"01.16","Fiberväxtodlare"
2,"01.160","Fiberväxtodlare"
2,"01.19","Odlare av andra ett- och tvååriga växter"
2,"01.191","Odlare av prydnadsväxter i växthus"
2,"01.199","Odlare av övriga ett- och tvååriga växter"
2,"01.2","Odlare av fleråriga växter"
2,"01.21","Druvodlare"
2,"01.210","Druvodlare"
2,"01.22","Odlare av tropiska och subtropiska frukter"
2,"01.220","Odlare av tropiska och subtropiska frukter"
2,"01.23","Citrusfruktodlare"
2,"01.230","Citrusfruktodlare"
2,"01.24","Odlare av kärn- och stenfrukter"
2,"01.240","Odlare av kärn- och stenfrukter"
2,"01.25","Odlare av andra frukter och bär samt nötter"
2,"01.250","Odlare av andra frukter och bär samt nötter"
2,"01.26","Odlare av oljehaltiga frukter"
2,"01.260","Odlare av oljehaltiga frukter"
2,"01.27","Odlare av växter för dryckesframställning"
2,"01.270","Odlare av växter för dryckesframställning"
2,"01.28","Odlare av kryddväxter, drog- och medicinalväxter"
2,"01.280","Odlare av kryddväxter, drog- och medicinalväxter"
2,"01.29","Odlare av andra fleråriga växter"
2,"01.290","Odlare av andra fleråriga växter"
2,"01.3","Odlare av plantskoleväxter"
2,"01.30","Odlare av plantskoleväxter"
2,"01.301","Odlare av plantskoleväxter i växthus"
2,"01.302","Odlare av plantskoleväxter m.m. på friland"
2,"01.4","Djurskötselföretag"
2,"01.41","Mjölkproducenter "
2,"01.410","Mjölkproducenter "
2,"01.42","Nötköttsproducenter"
2,"01.420","Nötköttsproducenter"
2,"01.43","Stuterier och andra hästuppfödare m.fl."
2,"01.430","Stuterier och andra hästuppfödare m.fl."
2,"01.44","Uppfödare av kameler och kameldjur"
2,"01.440","Uppfödare av kameler och kameldjur"
2,"01.45","Får- och getuppfödare"
2,"01.450","Får- och getuppfödare"
2,"01.46","Svinuppfödare"
2,"01.461","Smågrisuppfödare"
2,"01.462","Slaktsvinsuppfödare"
2,"01.47","Äggproducenter och fjäderfäföretag"
2,"01.471","Äggproducenter"
2,"01.472","Fjäderfäföretag"
2,"01.49","Andra djuruppfödare"
2,"01.491","Renskötare"
2,"01.492","Uppfödare av sällskapsdjur"
2,"01.499","Övriga djuruppfödare"
2,"01.5","Blandat jordbruk"
2,"01.50","Blandat jordbruk"
2,"01.500","Blandat jordbruk"
2,"01.6","Serviceföretag till jordbruk och bearbetning av skördade växter"
2,"01.61","Serviceföretag till växtodling"
2,"01.610","Serviceföretag till växtodling"
2,"01.62","Serviceföretag till husdjurskötsel "
2,"01.620","Serviceföretag till husdjurskötsel "
2,"01.63","Företag för bearbetning av skördade växter "
2,"01.630","Företag för bearbetning av skördade växter "
2,"01.64","Företag för bearbetning av utsäde"
2,"01.640","Företag för bearbetning av utsäde"
2,"01.7","Jägare och viltvårdare inkl. serviceföretag"
2,"01.70","Jägare och viltvårdare inkl. serviceföretag"
2,"01.700","Jägare och viltvårdare inkl. serviceföretag"
2,"02","Skogsbruksföretag"
2,"02.1","Skogsägare och skogsskötselföretag"
2,"02.10","Skogsägare och skogsskötselföretag"
2,"02.101","Skogsägare"
2,"02.102","Skogsskötselföretag"
2,"02.109","Övriga skogsbruksföretag"
2,"02.2","Avverkningsföretag"
2,"02.20","Avverkningsföretag"
2,"02.200","Avverkningsföretag"
2,"02.3","Insamlare av annat vilt växande skogsmaterial än trä"
2,"02.30","Insamlare av annat vilt växande skogsmaterial än trä"
2,"02.300","Insamlare av annat vilt växande skogsmaterial än trä"
2,"02.4","Serviceföretag till skogsbruk"
2,"02.40","Serviceföretag till skogsbruk"
2,"02.401","Virkesmätningsföreningar"
2,"02.409","Övriga serviceföretag till skogsbruk"
3,"03","Fiskare och vattenbrukare "
3,"03.1","Fiskare "
3,"03.11","Saltvattenfiskare"
3,"03.111","Trålfiskare, i saltvatten"
3,"03.119","Övriga saltvattensfiskare"
3,"03.12","Sötvattensfiskare"
3,"03.120","Sötvattensfiskare"
3,"03.2","Vattenbrukare"
3,"03.21","Fiskodlare, i saltvatten"
3,"03.210","Fiskodlare, i saltvatten"
3,"03.22","Fiskodlare, i sötvatten"
3,"03.220","Fiskodlare, i sötvatten"
,"B","Gruvor och mineralutvinningsindustri"
4,"05","Kolgruvor"
4,"05.1","Stenkolsgruvor"
4,"05.10","Stenkolsgruvor"
4,"05.100","Stenkolsgruvor"
4,"05.2","Brunkolsgruvor"
4,"05.20","Brunkolsgruvor"
4,"05.200","Brunkolsgruvor"
4,"06","Industri för utvinning av råpetroleum och naturgas "
4,"06.1","Industri för utvinning av råpetroleum "
4,"06.10","Industri för utvinning av råpetroleum "
4,"06.100","Industri för utvinning av råpetroleum "
4,"06.2","Industri för utvinning av naturgas "
4,"06.20","Industri för utvinning av naturgas "
4,"06.200","Industri för utvinning av naturgas "
4,"07","Metallmalmsgruvor"
4,"07.1","Järnmalmsgruvor"
4,"07.10","Järnmalmsgruvor"
4,"07.100","Järnmalmsgruvor"
4,"07.2","Andra metallmalmsgruvor än järnmalmsgruvor"
4,"07.21","Uran- och toriumgruvor"
4,"07.210","Uran- och toriumgruvor"
4,"07.29","Andra metallmalmsgruvor"
4,"07.290","Andra metallmalmsgruvor"
4,"08","Annan industri för mineralutvinning"
4,"08.1","Stenbrott o.d.; sand-, grus-, berg- och lertäkter"
4,"08.11","Natur-, kalk- och gipsstensbrott samt krita- och skifferbrott"
4,"08.110","Natur-, kalk- och gipsstensbrott samt krita- och skifferbrott"
4,"08.12","Sand-, grus-, berg- och lertäkter"
4,"08.120","Sand-, grus-, berg- och lertäkter"
4,"08.9","Övriga mineralbrott och -täkter"
4,"08.91","Brott för kemiska mineral"
4,"08.910","Brott för kemiska mineral"
4,"08.92","Torvtäkter"
4,"08.920","Torvtäkter"
4,"08.93","Industri för saltutvinning"
4,"08.930","Industri för saltutvinning"
4,"08.99","Diverse övrig industri för mineralutvinning"
4,"08.990","Diverse övrig industri för mineralutvinning"
4,"09","Serviceföretag till utvinning"
4,"09.1","Serviceföretag till råpetroleum- och  naturgasutvinning"
4,"09.10","Serviceföretag till råpetroleum- och  naturgasutvinning"
4,"09.100","Serviceföretag till råpetroleum- och  naturgasutvinning"
4,"09.9","Serviceföretag till annan utvinning"
4,"09.90","Serviceföretag till annan utvinning"
4,"09.900","Serviceföretag till annan utvinning"
,"C","Tillverkningsindustri"
6,"10","Livsmedelsindustri"
6,"10.1","Slakterier och köttvaruindustri"
6,"10.11","Kreatursslakterier, köttstyckerier"
6,"10.111","Kreatursslakterier"
6,"10.112","Köttstyckerier"
6,"10.12","Fjäderfäslakterier"
6,"10.120","Fjäderfäslakterier"
6,"10.13","Charkuterier och annan industri för köttvaror"
6,"10.130","Charkuterier och annan industri för köttvaror"
6,"10.2","Fiskberedningsindustri"
6,"10.20","Fiskberedningsindustri"
6,"10.200","Fiskberedningsindustri"
6,"10.3","Frukt-, bär- och grönsaksindustri"
6,"10.31","Potatisindustri"
6,"10.310","Potatisindustri"
6,"10.32","Juice- och saftindustri"
6,"10.320","Juice- och saftindustri"
6,"10.39","Annan frukt-, bär- och grönsaksindustri"
6,"10.390","Annan frukt-, bär- och grönsaksindustri"
6,"10.4","Olje- och fettvaruindustri"
6,"10.41","Industri för oljor och fetter"
6,"10.410","Industri för oljor och fetter"
6,"10.42","Matfettsindustri"
6,"10.420","Matfettsindustri"
6,"10.5","Mejerier och glassindustri"
6,"10.51","Mejerier  "
6,"10.511","Ostindustri"
6,"10.519","Annan mejerivaruindustri"
6,"10.52","Glassindustri"
6,"10.520","Glassindustri"
6,"10.6","Kvarnprodukt- och stärkelseindustri"
6,"10.61","Kvarnproduktindustri"
6,"10.611","Kvarnar"
6,"10.612","Industri för frukostflingor, mixer och andra livsmedelsberedningar av kvarnprodukter"
6,"10.62","Stärkelseindustri"
6,"10.620","Stärkelseindustri"
6,"10.7","Industri för bageri- och mjölprodukter"
6,"10.71","Bagerier"
6,"10.710","Bagerier"
6,"10.72","Knäckebröds- och kexindustri"
6,"10.721","Knäckebrödsindustri"
6,"10.722","Industri för kex och konserverade bakverk"
6,"10.73","Industri för pastaprodukter"
6,"10.730","Industri för pastaprodukter"
6,"10.8","Annan livsmedelsindustri"
6,"10.81","Sockerindustri"
6,"10.810","Sockerindustri"
6,"10.82","Choklad- och konfektindustri"
6,"10.821","Sockerkonfektyrindustri"
6,"10.822","Choklad- och chokladkonfektyrindustri"
6,"10.83","Kaffe- och teindustri"
6,"10.830","Kaffe- och teindustri"
6,"10.84","Industri för senap, ketchup, kryddor och andra smaksättningsmedel"
6,"10.840","Industri för senap, ketchup, kryddor och andra smaksättningsmedel"
6,"10.85","Industri för lagad mat och färdigrätter"
6,"10.850","Industri för lagad mat och färdigrätter"
6,"10.86","Industri för homogeniserade livsmedelspreparat inklusive dietmat"
6,"10.860","Industri för homogeniserade livsmedelspreparat inklusive dietmat"
6,"10.89","Övrig livsmedelsindustri"
6,"10.890","Övrig livsmedelsindustri"
6,"10.9","Industri för beredda djurfoder"
6,"10.91","Industri för beredda fodermedel"
6,"10.910","Industri för beredda fodermedel"
6,"10.92","Industri för mat till sällskapsdjur"
6,"10.920","Industri för mat till sällskapsdjur"
6,"11","Dryckesvaruindustri"
6,"11.0","Dryckesvaruindustri"
6,"11.01","Spritdrycksindustri"
6,"11.010","Spritdrycksindustri"
6,"11.02","Vinindustri"
6,"11.020","Vinindustri"
6,"11.03","Cider- och annan fruktvinindustri"
6,"11.030","Cider- och annan fruktvinindustri"
6,"11.04","Industri för andra icke-destillerade jästa drycker"
6,"11.040","Industri för andra icke-destillerade jästa drycker"
6,"11.05","Ölbryggerier"
6,"11.050","Ölbryggerier"
6,"11.06","Mälterier"
6,"11.060","Mälterier"
6,"11.07","Mineralvatten- och läskedrycksindustri"
6,"11.070","Mineralvatten- och läskedrycksindustri"
6,"12","Tobaksindustri"
6,"12.0","Tobaksindustri"
6,"12.00","Tobaksindustri"
6,"12.000","Tobaksindustri"
7,"13","Textilindustri"
7,"13.1","Garnindustri"
7,"13.10","Garnindustri"
7,"13.100","Garnindustri"
7,"13.2","Väverier"
7,"13.20","Väverier"
7,"13.200","Väverier"
7,"13.3","Blekerier, färgerier, textiltryckerier och andra textilberedningsverk"
7,"13.30","Blekerier, färgerier, textiltryckerier och andra textilberedningsverk"
7,"13.300","Blekerier, färgerier, textiltryckerier och andra textilberedningsverk"
7,"13.9","Annan textilieindustri"
7,"13.91","Trikåväverier"
7,"13.910","Trikåväverier"
7,"13.92","Industri för sydda textilvaror utom beklädnadsvaror"
7,"13.921","Industri för gardiner, sängkläder och linnevaror"
7,"13.922","Industri för presenningar, tält, segel o.d."
7,"13.93","Mattindustri"
7,"13.930","Mattindustri"
7,"13.94","Tågvirkes- och bindgarnsindustri"
7,"13.940","Tågvirkes- och bindgarnsindustri"
7,"13.95","Industri för bondad duk"
7,"13.950","Industri för bondad duk"
7,"13.96","Industri för andra tekniska textilier och industritextilier"
7,"13.960","Industri för andra tekniska textilier och industritextilier"
7,"13.99","Övrig textilieindustri"
7,"13.990","Övrig textilieindustri"
7,"14","Beklädnadsindustri"
7,"14.1","Läderbeklädnadsindustri"
7,"14.11","Läderbeklädnadsindustri"
7,"14.110","Läderbeklädnadsindustri"
7,"14.12","Industri för arbets-, skydds- och överdragskläder"
7,"14.120","Industri för arbets-, skydds- och överdragskläder"
7,"14.13","Industri för andra gång- och ytterkläder"
7,"14.130","Industri för andra gång- och ytterkläder"
7,"14.14","Industri för underkläder, skjortor och blusar"
7,"14.140","Industri för underkläder, skjortor och blusar"
7,"14.19","Industri för andra beklädnadsvaror och tillbehör"
7,"14.190","Industri för andra beklädnadsvaror och tillbehör"
7,"14.2","Pälsindustri"
7,"14.20","Pälsindustri"
7,"14.200","Pälsindustri"
7,"14.3","Trikåvaruindustri"
7,"14.31","Strumpindustri"
7,"14.310","Strumpindustri"
7,"14.39","Annan trikåvaruindustri"
7,"14.390","Annan trikåvaruindustri"
7,"15","Industri för läder och lädervaror"
7,"15.1","Garverier; industri för reseffekter, handväskor, skodon o.d."
7,"15.11","Garverier"
7,"15.110","Garverier"
7,"15.12","Industri för reseffekter, handväskor, sadel- och seldon m.m."
7,"15.120","Industri för reseffekter, handväskor, sadel- och seldon m.m."
7,"15.2","Skoindustri"
7,"15.20","Skoindustri"
7,"15.200","Skoindustri"
8,"16","Industri för trä och varor av trä, kork och rotting o.d. utom möbler"
8,"16.1","Sågverk och hyvlerier"
8,"16.10","Sågverk och hyvlerier"
8,"16.101","Sågverk"
8,"16.102","Hyvlerier"
8,"16.103","Träimpregneringsverk"
8,"16.2","Industri för trä och varor av trä, kork och rotting o.d. "
8,"16.21","Industri för fanér och träbaserade skivor"
8,"16.210","Industri för fanér och träbaserade skivor"
8,"16.22","Industri för sammansatta parkettgolv"
8,"16.220","Industri för sammansatta parkettgolv"
8,"16.23","Industri för andra byggnads- och inredningssnickerier"
8,"16.231","Industri för monteringsfärdiga trähus"
8,"16.232","Industri för trädörrar"
8,"16.233","Industri för träfönster"
8,"16.239","Industri för övriga byggnads- och inredningssnickerier"
8,"16.24","Träförpackningsindustri"
8,"16.240","Träförpackningsindustri"
8,"16.29","Övrig trävaruindustri samt industri för varor av kork, halm, "
8,"16.291","Industri för förädlade trädbränslen"
8,"16.292","Övrig trävaruindustri"
8,"16.293","Industri för varor av kork, halm, rotting o.d."
9,"17","Massa-, pappers- och pappersvaruindustri"
9,"17.1","Massa-, pappers- och pappindustri"
9,"17.11","Massaindustri"
9,"17.111","Industri för mekanisk eller halvkemisk massa"
9,"17.112","Sulfatmassaindustri"
9,"17.113","Sulfitmassaindustri"
9,"17.12","Pappers- och pappindustri"
9,"17.121","Tidnings- och journalpappersindustri"
9,"17.122","Annan tryckpappersindustri"
9,"17.123","Kraftpappers- och kraftpappindustri"
9,"17.129","Övrig pappers- och pappindustri"
9,"17.2","Industri för pappers- och pappvaror"
9,"17.21","Industri för wellpapp och pappers- och pappförpackningar"
9,"17.211","Wellpappindustri"
9,"17.219","Övrig industri för pappers- och pappförpackningar"
9,"17.22","Industri för hushålls- och hygienartiklar av papper"
9,"17.220","Industri för hushålls- och hygienartiklar av papper"
9,"17.23","Industri för skrivpapper, kuvert o.d."
9,"17.230","Industri för skrivpapper, kuvert o.d."
9,"17.24","Tapetindustri"
9,"17.240","Tapetindustri"
9,"17.29","Industri för andra pappers- och pappvaror"
9,"17.290","Industri för andra pappers- och pappvaror"
9,"18","Grafisk och annan reproduktionsindustri"
9,"18.1","Grafisk industri"
9,"18.11","Dagstidningstryckerier"
9,"18.110","Dagstidningstryckerier"
9,"18.12","Andra tryckerier"
9,"18.121","Tidskriftstryckerier"
9,"18.122","Boktryckerier, övriga tryckerier"
9,"18.13","Prepress- och premediaföretag"
9,"18.130","Prepress- och premediaföretag"
9,"18.14","Bokbinderier m.m."
9,"18.140","Bokbinderier m.m."
9,"18.2","Företag för reproduktion av inspelningar"
9,"18.20","Företag för reproduktion av inspelningar"
9,"18.200","Företag för reproduktion av inspelningar"
10,"19","Industri för stenkolsprodukter och raffinerade petroleumprodukter "
10,"19.1","Industri för stenkolsprodukter"
10,"19.10","Industri för stenkolsprodukter"
10,"19.100","Industri för stenkolsprodukter"
10,"19.2","Petroleumraffinaderier"
10,"19.20","Petroleumraffinaderier"
10,"19.200","Petroleumraffinaderier"
11,"20","Kemisk industri"
11,"20.1","Industri för baskemikalier, gödselmedel och kväveprodukter, plaster och syntetgummi i obearbetad form"
11,"20.11","Industri för industrigaser"
11,"20.110","Industri för industrigaser"
11,"20.12","Industri för färgämnen"
11,"20.120","Industri för färgämnen"
11,"20.13","Industri för andra oorganiska baskemikalier"
11,"20.130","Industri för andra oorganiska baskemikalier"
11,"20.14","Industri för andra organiska baskemikalier"
11,"20.140","Industri för andra organiska baskemikalier"
11,"20.15","Industri för gödselmedel och kväveprodukter"
11,"20.150","Industri för gödselmedel och kväveprodukter"
11,"20.16","Basplastindustri"
11,"20.160","Basplastindustri"
11,"20.17","Industri för syntetiskt basgummi"
11,"20.170","Industri för syntetiskt basgummi"
11,"20.2","Industri för bekämpningsmedel och andra lantbrukskemiska produkter"
11,"20.20","Industri för bekämpningsmedel och andra lantbrukskemiska produkter"
11,"20.200","Industri för bekämpningsmedel och andra lantbrukskemiska produkter"
11,"20.3","Industri för färg, lack och tryckfärg m.m."
11,"20.30","Industri för färg, lack och tryckfärg m.m."
11,"20.300","Industri för färg, lack och tryckfärg m.m."
11,"20.4","Industri för rengöringsmedel, parfym och toalettartiklar"
11,"20.41","Tvättmedelsindustri"
11,"20.410","Tvättmedelsindustri"
11,"20.42","Parfym- och toalettartikelsindustri"
11,"20.420","Parfym- och toalettartikelsindustri"
11,"20.5","Annan kemisk industri"
11,"20.51","Sprängämnesindustri"
11,"20.510","Sprängämnesindustri"
11,"20.52","Limindustri"
11,"20.520","Limindustri"
11,"20.53","Industri för eteriska oljor"
11,"20.530","Industri för eteriska oljor"
11,"20.59","Industri för övriga kemiska produkter"
11,"20.590","Industri för övriga kemiska produkter"
11,"20.6","Konstfiberindustri"
11,"20.60","Konstfiberindustri"
11,"20.600","Konstfiberindustri"
11,"21","Industri för farmaceutiska basprodukter och läkemedel"
11,"21.1","Industri för farmaceutiska basprodukter"
11,"21.10","Industri för farmaceutiska basprodukter"
11,"21.100","Industri för farmaceutiska basprodukter"
11,"21.2","Läkemedelsindustri"
11,"21.20 ","Läkemedelsindustri"
11,"21.200","Läkemedelsindustri"
11,"22","Gummi- och plastvaruindustri"
11,"22.1","Gummivaruindustri"
11,"22.11","Industri för däck och slangar; regummeringsindustri"
11,"22.110","Industri för däck och slangar; regummeringsindustri"
11,"22.19","Annan gummivaruindustri"
11,"22.190","Annan gummivaruindustri"
11,"22.2","Plastvaruindustri"
11,"22.21","Industri för plasthalvfabrikat"
11,"22.210","Industri för plasthalvfabrikat"
11,"22.22","Plastförpackningsindustri"
11,"22.220","Plastförpackningsindustri"
11,"22.23","Byggplastvaruindustri"
11,"22.230","Byggplastvaruindustri"
11,"22.29","Annan plastvaruindustri"
11,"22.290","Annan plastvaruindustri"
12,"23","Industri för andra icke-metalliska mineraliska produkter"
12,"23.1","Glas- och glasvaruindustri"
12,"23.11","Planglasverk"
12,"23.110","Planglasverk"
12,"23.12","Industri för bearbetat planglas"
12,"23.120","Industri för bearbetat planglas"
12,"23.13","Industri för buteljer, glasförpackningar och husgeråd av glas"
12,"23.130","Industri för buteljer, glasförpackningar och husgeråd av glas"
12,"23.14","Glasfiberindustri"
12,"23.140","Glasfiberindustri"
12,"23.19","Annan glasvaruindustri"
12,"23.190","Annan glasvaruindustri"
12,"23.2","Industri för eldfasta keramiska produkter"
12,"23.20","Industri för eldfasta keramiska produkter"
12,"23.200","Industri för eldfasta keramiska produkter"
12,"23.3","Industri för byggmaterial av lergods"
12,"23.31","Industri för keramiska golv- och väggplattor"
12,"23.310","Industri för keramiska golv- och väggplattor"
12,"23.32","Industri för murtegel, takpannor och andra byggvaror av tegel"
12,"23.320","Industri för murtegel, takpannor och andra byggvaror av tegel"
12,"23.4","Industri för andra porslinsprodukter och keramiska produkter"
12,"23.41","Industri för keramiska hushålls- och prydnadsartiklar"
12,"23.410","Industri för keramiska hushålls- och prydnadsartiklar"
12,"23.42","Industri för keramiska sanitetsartiklar"
12,"23.420","Industri för keramiska sanitetsartiklar"
12,"23.43","Industri för keramiska isolatorer o.d."
12,"23.430","Industri för keramiska isolatorer o.d."
12,"23.44","Industri för andra tekniska keramiska produkter"
12,"23.440","Industri för andra tekniska keramiska produkter"
12,"23.49","Industri för andra keramiska produkter"
12,"23.490","Industri för andra keramiska produkter"
12,"23.5","Cement-, kalk- och gipsindustri"
12,"23.51","Cementindustri"
12,"23.510","Cementindustri"
12,"23.52","Kalk- och gipsindustri"
12,"23.520","Kalk- och gipsindustri"
12,"23.6","Betong-, cement- och gipsvaruindustri"
12,"23.61","Industri för byggnadsbetongvaror"
12,"23.610","Industri för byggnadsbetongvaror"
12,"23.62","Industri för byggvaror av gips"
12,"23.620","Industri för byggvaror av gips"
12,"23.63","Industri för fabriksblandad betong"
12,"23.630","Industri för fabriksblandad betong"
12,"23.64","Murbruksindustri"
12,"23.640","Murbruksindustri"
12,"23.65","Industri för fibercementvaror"
12,"23.650","Industri för fibercementvaror"
12,"23.69","Annan betong-, cement- och gipsvaruindustri"
12,"23.690","Annan betong-, cement- och gipsvaruindustri"
12,"23.7","Stenhuggerier; stenvaruindustri"
12,"23.70","Stenhuggerier; stenvaruindustri"
12,"23.701","Byggnadsstenhuggerier; industri för byggnadsstenvaror"
12,"23.709","Prydnadsstenhuggerier; industri för prydnadsstenvaror"
12,"23.9","Industri för slipmedel och övriga icke-metalliska mineraliska produkter"
12,"23.91","Slipmedelsindustri"
12,"23.910","Slipmedelsindustri"
12,"23.99","Industri för övriga icke-metalliska mineraliska produkter"
12,"23.991","Sten- och mineralullsindustri"
12,"23.999","Diverse övrig industri för icke-metalliska mineraliska produkter"
13,"24","Stål- och metallverk"
13,"24.1","Järn- och stålverk "
13,"24.10","Järn- och stålverk "
13,"24.100","Järn- och stålverk "
13,"24.2","Industri för stålrör"
13,"24.20","Industri för stålrör"
13,"24.200","Industri för stålrör"
13,"24.3","Industri för annan primärbearbetning av järn och stål "
13,"24.31","Kalldragerier för stålstång"
13,"24.310","Kalldragerier för stålstång"
13,"24.32","Kallvalsverk för stålband"
13,"24.320","Kallvalsverk för stålband"
13,"24.33","Industri för kallformning av stål"
13,"24.330","Industri för kallformning av stål"
13,"24.34","Dragerier för ståltråd"
13,"24.340","Dragerier för ståltråd"
13,"24.4","Metallverk för andra metaller än järn"
13,"24.41","Ädelmetallverk"
13,"24.410","Ädelmetallverk"
13,"24.42","Aluminiumverk"
13,"24.420","Aluminiumverk"
13,"24.43","Metallverk för bly, zink och tenn"
13,"24.430","Metallverk för bly, zink och tenn"
13,"24.44","Kopparverk"
13,"24.440","Kopparverk"
13,"24.45","Andra metallverk"
13,"24.450","Andra metallverk"
13,"24.46","Kärnbränsleindustri"
13,"24.460","Kärnbränsleindustri"
13,"24.5","Järn- och metallgjuterier"
13,"24.51","Järngjuterier"
13,"24.510","Järngjuterier"
13,"24.52","Stålgjuterier"
13,"24.520","Stålgjuterier"
13,"24.53","Lättmetallgjuterier"
13,"24.530","Lättmetallgjuterier"
13,"24.54","Andra metallgjuterier"
13,"24.540","Andra metallgjuterier"
13,"25","Industri för metallvaror utom maskiner och apparater"
13,"25.1","Byggnadsmetallvaruindustri"
13,"25.11","Industri för metallstommar och delar därav"
13,"25.110","Industri för metallstommar och delar därav"
13,"25.12","Industri för dörrar och fönster av metall"
13,"25.120","Industri för dörrar och fönster av metall"
13,"25.2","Industri för cisterner, tankar, kar och andra behållare av metall"
13,"25.21","Industri för radiatorer och pannor för centraluppvärmning"
13,"25.210","Industri för radiatorer och pannor för centraluppvärmning"
13,"25.29","Industri för andra cisterner, tankar, kar och andra behållare av metall"
13,"25.290","Industri för andra cisterner, tankar, kar och andra behållare av metall"
13,"25.3","Industri för ånggeneratorer utom varmvattenpannor för centraluppvärmning"
13,"25.30","Industri för ånggeneratorer utom varmvattenpannor för centraluppvärmning"
13,"25.300","Industri för ånggeneratorer utom varmvattenpannor för centraluppvärmning"
13,"25.4","Vapen- och ammunitionsindustri"
13,"25.40","Vapen- och ammunitionsindustri"
13,"25.400","Vapen- och ammunitionsindustri"
13,"25.5","Industri för smidning, pressning, prägling och valsning av metall och för pulvermetallurgi"
13,"25.50","Industri för smidning, pressning, prägling och valsning av metall och för pulvermetallurgi"
13,"25.500","Industri för smidning, pressning, prägling och valsning av metall och för pulvermetallurgi"
13,"25.6","Industri för beläggning och överdragning av metall; verkstäder för metallegoarbeten"
13,"25.61","Industri för beläggning och överdragning av metall"
13,"25.610","Industri för beläggning och överdragning av metall"
13,"25.62","Verkstäder för metallegoarbeten"
13,"25.620","Verkstäder för metallegoarbeten"
13,"25.7","Industri för bestick, verktyg och andra järnhandelsvaror"
13,"25.71","Industri för bestick"
13,"25.710","Industri för bestick"
13,"25.72","Industri för lås och gångjärn"
13,"25.720","Industri för lås och gångjärn"
13,"25.73","Verktygs- och redskapsindustri"
13,"25.730","Verktygs- och redskapsindustri"
13,"25.9","Annan metallvaruindustri"
13,"25.91","Industri för stålfat o.d. behållare"
13,"25.910","Industri för stålfat o.d. behållare"
13,"25.92","Industri för lättmetallförpackningar"
13,"25.920","Industri för lättmetallförpackningar"
13,"25.93","Industri för metalltrådvaror, kedjor och fjädrar"
13,"25.930","Industri för metalltrådvaror, kedjor och fjädrar"
13,"25.94","Industri för nitar och skruvar"
13,"25.940","Industri för nitar och skruvar"
13,"25.99","Övrig metallvaruindustri"
13,"25.991","Industri för diskbänkar, sanitetsgods m.m. av metall för byggändamål"
13,"25.999","Diverse övrig metallvaruindustri"
14,"26","Industri för datorer, elektronikvaror och optik"
14,"26.1","Industri för elektroniska komponenter och kretskort"
14,"26.11","Industri för elektroniska komponenter"
14,"26.110","Industri för elektroniska komponenter"
14,"26.12","Industri för kretskort"
14,"26.120","Industri för kretskort"
14,"26.2","Industri för datorer och kringutrustning"
14,"26.20","Industri för datorer och kringutrustning"
14,"26.200","Industri för datorer och kringutrustning"
14,"26.3","Industri för kommunikationsutrustning"
14,"26.30","Industri för kommunikationsutrustning"
14,"26.300","Industri för kommunikationsutrustning"
14,"26.4","Industri för hemelektronik"
14,"26.40","Industri för hemelektronik"
14,"26.400","Industri för hemelektronik"
14,"26.5","Industri för instrument och apparater för mätning, provning och navigering; urindustri"
14,"26.51","Industri för instrument och apparater för mätning, provning och navigering"
14,"26.510","Industri för instrument och apparater för mätning, provning och navigering"
14,"26.52","Urindustri"
14,"26.520","Urindustri"
14,"26.6","Industri för strålningsutrustning samt elektromedicinsk och elektroterapeutisk utrustning"
14,"26.60","Industri för strålningsutrustning samt elektromedicinsk och elektroterapeutisk utrustning"
14,"26.600","Industri för strålningsutrustning samt elektromedicinsk och elektroterapeutisk utrustning"
14,"26.7","Industri för optiska instrument och fotoutrustning"
14,"26.70","Industri för optiska instrument och fotoutrustning"
14,"26.700","Industri för optiska instrument och fotoutrustning"
14,"26.8","Industri för magnetiska och optiska medier"
14,"26.80","Industri för magnetiska och optiska medier"
14,"26.800","Industri för magnetiska och optiska medier"
14,"27","Industri för elapparatur"
14,"27.1","Industri för elmotorer, generatorer och transformatorer samt eldistributions- och elkontrollapparater"
14,"27.11","Industri för elmotorer, generatorer och transformatorer"
14,"27.110","Industri för elmotorer, generatorer och transformatorer"
14,"27.12","Industri för eldistributions- och elkontrollapparater"
14,"27.120","Industri för eldistributions- och elkontrollapparater"
14,"27.2","Batteri- och ackumulatorindustri"
14,"27.20","Batteri- och ackumulatorindustri"
14,"27.200","Batteri- och ackumulatorindustri"
14,"27.3","Industri för ledningar, kablar och kabeltillbehör"
14,"27.31","Industri för optiska fiberkablar"
14,"27.310","Industri för optiska fiberkablar"
14,"27.32","Industri för andra elektroniska och elektriska ledningar och kablar"
14,"27.320","Industri för andra elektroniska och elektriska ledningar och kablar"
14,"27.33","Industri för kabeltillbehör"
14,"27.330","Industri för kabeltillbehör"
14,"27.4","Industri för belysningsarmatur"
14,"27.40","Industri för belysningsarmatur"
14,"27.400","Industri för belysningsarmatur"
14,"27.5","Industri för hushållsmaskiner och hushållsapparater"
14,"27.51","Industri för hushållsmaskiner och hushållsapparater"
14,"27.510","Industri för hushållsmaskiner och hushållsapparater"
14,"27.52","Industri för  icke-elektriska hushållsmaskiner och hushållsapparater"
14,"27.520","Industri för  icke-elektriska hushållsmaskiner och hushållsapparater"
14,"27.9","Industri för annan elapparatur"
14,"27.90","Industri för annan elapparatur"
14,"27.900","Industri för annan elapparatur"
14,"28","Övrig maskinindustri"
14,"28.1","Industri för maskiner för allmänt ändamål"
14,"28.11","Industri för motorer och turbiner utom för luftfartyg och fordon "
14,"28.110","Industri för motorer och turbiner utom för luftfartyg och fordon "
14,"28.12","Industri för fluidteknisk utrustning"
14,"28.120","Industri för fluidteknisk utrustning"
14,"28.13","Industri för andra pumpar och kompressorer"
14,"28.130","Industri för andra pumpar och kompressorer"
14,"28.14","Industri för andra kranar och ventiler"
14,"28.140","Industri för andra kranar och ventiler"
14,"28.15","Industri för lager, kugghjul och andra delar för kraftöverföring"
14,"28.150","Industri för lager, kugghjul och andra delar för kraftöverföring"
14,"28.2","Industri för andra maskiner för allmänt ändamål"
14,"28.21","Industri för ugnar och brännare"
14,"28.210","Industri för ugnar och brännare"
14,"28.22","Industri för lyft- och godshanteringsanordningar"
14,"28.220","Industri för lyft- och godshanteringsanordningar"
14,"28.23","Industri för kontorsmaskiner och kontorsutrustning (utom datorer och kringutrustning)"
14,"28.230","Industri för kontorsmaskiner och kontorsutrustning (utom datorer och kringutrustning)"
14,"28.24","Industri för motordrivna handverktyg"
14,"28.240","Industri för motordrivna handverktyg"
14,"28.25","Industri för maskiner och apparater för kyla och ventilation utom för hushåll"
14,"28.250","Industri för maskiner och apparater för kyla och ventilation utom för hushåll"
14,"28.29","Industri för maskiner för allmänt ändamål"
14,"28.290","Industri för maskiner för allmänt ändamål"
14,"28.3","Industri för jord- och skogsbruksmaskiner "
14,"28.30","Industri för jord- och skogsbruksmaskiner "
14,"28.300","Industri för jord- och skogsbruksmaskiner "
14,"28.4","Industri för maskiner för metallbearbetning och verktygsmaskiner "
14,"28.41","Industri för verktygsmaskiner för metallbearbetning  "
14,"28.410","Industri för verktygsmaskiner för metallbearbetning  "
14,"28.49","Industri för övriga verktygsmaskiner  "
14,"28.490","Industri för övriga verktygsmaskiner  "
14,"28.9","Industri för andra specialmaskiner "
14,"28.91","Industri för maskiner för metallurgi  "
14,"28.910","Industri för maskiner för metallurgi  "
14,"28.92","Industri för gruv-, bergbrytnings- och byggmaskiner  "
14,"28.920","Industri för gruv-, bergbrytnings- och byggmaskiner  "
14,"28.93","Industri för maskiner för framställning av livsmedel, drycker och tobaksvaror  "
14,"28.930","Industri för maskiner för framställning av livsmedel, drycker och tobaksvaror  "
14,"28.94","Industri för maskiner för produktion av textil-, beklädnads- och lädervaror  "
14,"28.940","Industri för maskiner för produktion av textil-, beklädnads- och lädervaror  "
14,"28.95","Industri för maskiner för produktion av massa, papper och papp  "
14,"28.950","Industri för maskiner för produktion av massa, papper och papp  "
14,"28.96","Industri för maskiner för gummi och plast  "
14,"28.960","Industri för maskiner för gummi och plast  "
14,"28.99","Industri för övriga specialmaskiner  "
14,"28.990","Industri för övriga specialmaskiner  "
14,"29","Industri för motorfordon, släpfordon och påhängsvagnar"
14,"29.1","Motorfordonsindustri"
14,"29.10","Motorfordonsindustri"
14,"29.101","Personbilsindustri"
14,"29.102","Lastbilsindustri"
14,"29.2","Industri för karosserier för motorfordon; industri för släpfordon och påhängsvagnar"
14,"29.20","Industri för karosserier för motorfordon; industri för släpfordon och påhängsvagnar"
14,"29.200","Industri för karosserier för motorfordon; industri för släpfordon och påhängsvagnar"
14,"29.3","Industri för delar och tillbehör till motorfordon "
14,"29.31","Industri för elektrisk och elektronisk utrustning för motorfordon "
14,"29.310","Industri för elektrisk och elektronisk utrustning för motorfordon "
14,"29.32","Industri för andra delar och tillbehör till motorfordon "
14,"29.320","Industri för andra delar och tillbehör till motorfordon "
14,"30","Annan transportmedelsindustri"
14,"30.1","Skeppsvarv och båtbyggerier"
14,"30.11","Skeppsvarv"
14,"30.110","Skeppsvarv"
14,"30.12","Fritidsbåtbyggerier"
14,"30.120","Fritidsbåtbyggerier"
14,"30.2","Rälsfordonsindustri"
14,"30.20","Rälsfordonsindustri"
14,"30.200","Rälsfordonsindustri"
14,"30.3","Flygplansindustri"
14,"30.30","Flygplansindustri"
14,"30.300","Flygplansindustri"
14,"30.4","Industri för militära stridsfordon"
14,"30.40","Industri för militära stridsfordon"
14,"30.400","Industri för militära stridsfordon"
14,"30.9","Industri för övriga transportmedel"
14,"30.91","Motorcykelindustri"
14,"30.910","Motorcykelindustri"
14,"30.92","Industri för cyklar och invalidfordon"
14,"30.920","Industri för cyklar och invalidfordon"
14,"30.99","Industri för diverse övriga transportmedel"
14,"30.990","Industri för diverse övriga transportmedel"
15,"31","Möbelindustri"
15,"31.0","Möbelindustri"
15,"31.01","Industri för kontors- och butiksmöbler samt kontors- och butiksinredningar"
15,"31.011","Industri för kontors- och butiksmöbler"
15,"31.012","Industri för kontors- och butiksinredningar"
15,"31.02","Industri för köksmöbler och köksinredningar"
15,"31.021","Köksmöbelindustri"
15,"31.022","Köksinredningsindustri"
15,"31.03","Madrassindustri"
15,"31.030","Madrassindustri"
15,"31.09","Annan möbelindustri"
15,"31.090","Annan möbelindustri"
15,"32","Annan tillverkningsindustri"
15,"32.1","Industri för smycken, guld- och silversmedsvaror samt bijouterier"
15,"32.11","Myntindustri"
15,"32.110","Myntindustri"
15,"32.12","Industri för smycken och andra guld- och silversmedsvaror"
15,"32.120","Industri för smycken och andra guld- och silversmedsvaror"
15,"32.13","Bijouteriindustri"
15,"32.130","Bijouteriindustri"
15,"32.2","Musikinstrumentindustri"
15,"32.20","Musikinstrumentindustri"
15,"32.200","Musikinstrumentindustri"
15,"32.3","Sportvaruindustri"
15,"32.30","Sportvaruindustri"
15,"32.300","Sportvaruindustri"
15,"32.4","Industri för spel och leksaker"
15,"32.40","Industri för spel och leksaker"
15,"32.400","Industri för spel och leksaker"
15,"32.5","Industri för medicinsk och dental utrustning"
15,"32.50","Industri för medicinsk och dental utrustning"
15,"32.501","Industri för medicinska och dentala instrument och tillbehör"
15,"32.502","Tandteknikerlaboratorier"
15,"32.9","Övrig tillverkningsindustri"
15,"32.91","Borstbinderier"
15,"32.910","Borstbinderier"
15,"32.99","Diverse övrig tillverkningsindustri"
15,"32.990","Diverse övrig tillverkningsindustri"
15,"33","Reparationsverkstäder och installationsföretag för maskiner och apparater"
15,"33.1","Reparationsverkstäder för metallvaror, maskiner och apparater"
15,"33.11","Reparationsverkstäder för metallvaror"
15,"33.110","Reparationsverkstäder för metallvaror"
15,"33.12","Reparationsverkstäder för maskiner"
15,"33.120","Reparationsverkstäder för maskiner"
15,"33.13","Reparationsverkstäder för elektronisk och optisk utrustning"
15,"33.130","Reparationsverkstäder för elektronisk och optisk utrustning"
15,"33.14","Reparationsverkstäder för elapparatur"
15,"33.140","Reparationsverkstäder för elapparatur"
15,"33.15","Reparationsvarv för fartyg och båtar"
15,"33.150","Reparationsvarv för fartyg och båtar"
15,"33.16","Reparationsverkstäder för flygplan"
15,"33.160","Reparationsverkstäder för flygplan"
15,"33.17","Reparationsverkstäder för andra transportmedel"
15,"33.170","Reparationsverkstäder för andra transportmedel"
15,"33.19","Reparationsverkstäder för annan utrustning"
15,"33.190","Reparationsverkstäder för annan utrustning"
15,"33.2","Installationsföretag för industrimaskiner och -utrustning"
15,"33.20","Installationsföretag för industrimaskiner och -utrustning"
15,"33.200","Installationsföretag för industrimaskiner och -utrustning"
16,"D","El-, gas- och värmeverk"
16,"35","El-, gas- och värmeverk"
16,"35.1","Elverk; elnätföretag; distribution av och handel med elektricitet"
16,"35.11","Elverk "
16,"35.110","Elverk "
16,"35.12","Elnätföretag"
16,"35.120","Elnätföretag"
16,"35.13","Distribution av elektricitet"
16,"35.130","Distribution av elektricitet"
16,"35.14","Handel med elektricitet"
16,"35.140","Handel med elektricitet"
16,"35.2","Gasverk; distribution av och handel med gasformiga bränslen via rörnät"
16,"35.21","Gasverk"
16,"35.210","Gasverk"
16,"35.22","Distribution av gasformiga bränslen via rörnät"
16,"35.220","Distribution av gasformiga bränslen via rörnät"
16,"35.23","Handel med gas via rörnät"
16,"35.230","Handel med gas via rörnät"
16,"35.3","Värmeverk m.m."
16,"35.30","Värmeverk m.m."
16,"35.300","Värmeverk m.m."
,"E","Vattenverk; reningsverk o.d., avfallsanläggningar"
18,"36","Vattenverk"
18,"36.0","Vattenverk"
18,"36.00","Vattenverk"
18,"36.001","Vattenverk för grundvatten"
18,"36.002","Vattenverk för ytvatten"
18,"37","Reningsverk"
18,"37.0","Reningsverk"
18,"37.00","Reningsverk"
18,"37.000","Reningsverk"
19,"38","Avfallshanteringsanläggningar; återvinningsanläggningar"
19,"38.1","Anläggningar för insamling av avfall"
19,"38.11","Anläggningar för insamling av icke-farligt avfall"
19,"38.110","Anläggningar för insamling av icke-farligt avfall"
19,"38.12","Anläggningar för insamling av farligt avfall"
19,"38.120","Anläggningar för insamling av farligt avfall"
19,"38.2","Anläggningar för behandling och bortskaffande av avfall"
19,"38.21","Anläggningar för behandling och bortskaffande av icke-farligt avfall"
19,"38.210","Anläggningar för behandling och bortskaffande av icke-farligt avfall"
19,"38.22","Anläggningar för behandling och bortskaffande av farligt avfall"
19,"38.220","Anläggningar för behandling och bortskaffande av farligt avfall"
19,"38.3","Återvinningsanläggningar"
19,"38.31","Anläggningar för demontering av uttjänta fordon och maskiner"
19,"38.311","Anläggningar för demontering av uttjänta fordon "
19,"38.312","Anläggningar för demontering av elektrisk och elektronisk utrustning "
19,"38.319","Anläggningar för demontering av övrig kasserad utrustning "
19,"38.32","Anläggningar för återvinning av källsorterat material"
19,"38.320","Anläggningar för återvinning av källsorterat material"
18,"39","Anläggningar för sanering, efterbehandling av jord och vatten samt annan verksamhet för föroreningsbekämpning "
18,"39.0","Anläggningar för sanering, efterbehandling av jord och vatten samt annan verksamhet för föroreningsbekämpning "
18,"39.00","Anläggningar för sanering, efterbehandling av jord och vatten samt annan verksamhet för föroreningsbekämpning "
18,"39.000","Anläggningar för sanering, efterbehandling av jord och vatten samt annan verksamhet för föroreningsbekämpning "
20,"F","Byggindustri"
20,"41","Byggentreprenörer"
20,"41.1","Utvecklare av byggprojekt"
20,"41.10","Utvecklare av byggprojekt"
20,"41.100","Utvecklare av byggprojekt"
20,"41.2","Entreprenörer för bostadshus och andra byggnader"
20,"41.20","Entreprenörer för bostadshus och andra byggnader"
20,"41.200","Entreprenörer för bostadshus och andra byggnader"
20,"42","Anläggningsentreprenörer"
20,"42.1","Anläggningsentreprenörer för vägar och järnvägar"
20,"42.11","Anläggningsentreprenörer för vägar och motorvägar"
20,"42.110","Anläggningsentreprenörer för vägar och motorvägar"
20,"42.12","Anläggningsentreprenörer för järnvägar och tunnelbanor"
20,"42.120","Anläggningsentreprenörer för järnvägar och tunnelbanor"
20,"42.13","Anläggningsentreprenörer för broar och tunnlar"
20,"42.130","Anläggningsentreprenörer för broar och tunnlar"
20,"42.2","Anläggningsentreprenörer för allmännyttiga projekt"
20,"42.21","Anläggningsentreprenörer för allmännyttiga projekt inom värme, vatten och avlopp"
20,"42.210","Anläggningsentreprenörer för allmännyttiga projekt inom värme, vatten och avlopp"
20,"42.22","Anläggningsentreprenörer för allmännyttiga projekt inom el och telekommunikation"
20,"42.220","Anläggningsentreprenörer för allmännyttiga projekt inom el och telekommunikation"
20,"42.9","Andra anläggningsentreprenörer"
20,"42.91","Vattenbyggnadsentreprenörer"
20,"42.910","Vattenbyggnadsentreprenörer"
20,"42.99","Övriga anläggningsentreprenörer"
20,"42.990","Övriga anläggningsentreprenörer"
20,"43","Specialiserade bygg- och anläggningsentreprenörer"
20,"43.1","Rivningsfirmor; firmor för mark- och grundarbeten"
20,"43.11","Rivningsfirmor"
20,"43.110","Rivningsfirmor"
20,"43.12","Firmor för mark- och grundarbeten"
20,"43.120","Firmor för mark- och grundarbeten"
20,"43.13","Firmor för markundersökning"
20,"43.130","Firmor för markundersökning"
20,"43.2","Elinstallationsfirmor, VVS-firmor och andra bygginstallationsfirmor"
20,"43.21","Elinstallationsfirmor"
20,"43.210","Elinstallationsfirmor"
20,"43.22","VVS-firmor "
20,"43.221","Rörfirmor"
20,"43.222","Ventilationsfirmor"
20,"43.223","Kyl- och frysinstallationsfirmor"
20,"43.229","Övriga VVS-firmor"
20,"43.29","Andra bygginstallationsfirmor"
20,"43.290","Andra bygginstallationsfirmor"
20,"43.3","Firmor för slutbehandling av byggnader"
20,"43.31","Firmor för puts-, fasad- och stuckatörsarbeten"
20,"43.310","Firmor för puts-, fasad- och stuckatörsarbeten"
20,"43.32","Firmor för byggnadssnickeriarbeten"
20,"43.320","Firmor för byggnadssnickeriarbeten"
20,"43.33","Golv- och väggbeläggningsfirmor"
20,"43.330","Golv- och väggbeläggningsfirmor"
20,"43.34","Målerier och glasmästerier"
20,"43.341","Målerier "
20,"43.342","Glasmästerier"
20,"43.39","Andra firmor för slutbehandling av byggnader"
20,"43.390","Andra firmor för slutbehandling av byggnader"
20,"43.9","Andra specialiserade bygg- och anläggningsentreprenörer"
20,"43.91","Byggnadsplåtslagerier och andra entreprenörer för takarbeten"
20,"43.911","Byggnadsplåtslagerier "
20,"43.912","Andra entreprenörer för takarbeten"
20,"43.99","Övriga specialiserade bygg- och anläggningsentreprenörer"
20,"43.991","Uthyrningsfirmor för bygg- och anläggningsmaskiner med förare"
20,"43.999","Diverse övriga specialiserade bygg- och anläggningsentreprenörer"
21,"G","Handel; serviceverkstäder för motorfordon och motorcyklar"
21,"45","Handel med och serviceverkstäder för motorfordon och motorcyklar"
21,"45.1","Handel med motorfordon och motorcyklar"
21,"45.11","Handel med personbilar och lätta motorfordon "
21,"45.110","Handel med personbilar och lätta motorfordon"
21,"45.19","Handel med andra motorfordon utom motorcyklar"
21,"45.191","Handel med lastbilar, bussar och specialfordon"
21,"45.192","Handel med husvagnar, husbilar, släpfordon och påhängsvagnar"
21,"45.2","Bilserviceverkstäder"
21,"45.20","Bilserviceverkstäder"
21,"45.201","Bilserviceverkstäder, ej specialiserade"
21,"45.202","Bilplåt- och billackeringsverkstäder; bilglasmästerier"
21,"45.203","Verkstäder för service av elsystem till motorfordon"
21,"45.204","Däckserviceverkstäder"
21,"45.3","Handel med reservdelar och tillbehör till motorfordon utom motorcyklar"
21,"45.31","Parti- och provisionshandel med reservdelar och tillbehör till motorfordon utom motorcyklar"
21,"45.310","Parti- och provisionshandel med reservdelar och tillbehör till motorfordon utom motorcyklar"
21,"45.32","Detaljhandel med reservdelar och tillbehör till motorfordon utom motorcyklar"
21,"45.320","Detaljhandel med reservdelar och tillbehör till motorfordon utom motorcyklar"
21,"45.4 ","Handel med och service av motorcyklar inklusive reservdelar och tillbehör"
21,"45.40","Handel med och service av motorcyklar inklusive reservdelar och tillbehör"
21,"45.400","Handel med och service av motorcyklar inklusive reservdelar och tillbehör"
21,"46","Parti - och provisionshandel utom med motorfordon"
21,"46.1","Provisionshandel utom med motorfordon"
21,"46.11","Provisionshandel med jordbruksråvaror, levande djur, textilråvaror och textilhalvfabrikat"
21,"46.110","Provisionshandel med jordbruksråvaror, levande djur, textilråvaror och textilhalvfabrikat"
21,"46.12","Provisionshandel med bränsle, malm, metaller och industrikemikalier"
21,"46.120","Provisionshandel med bränsle, malm, metaller och industrikemikalier"
21,"46.13","Provisionshandel med virke och byggmaterial"
21,"46.130","Provisionshandel med virke och byggmaterial"
21,"46.14","Provisionshandel med maskiner, industriell utrustning, fartyg och luftfartyg"
21,"46.141","Provisionshandel med maskiner, industriell utrustning, fartyg och luftfartyg utom kontorsutrustning och datorer"
21,"46.142","Provisionshandel med kontorsutrustning och datorer"
21,"46.15","Provisionshandel med möbler, hushålls- och järnhandelsvaror"
21,"46.150","Provisionshandel med möbler, hushålls- och järnhandelsvaror"
21,"46.16","Provisionshandel med textilier, kläder, skodon och lädervaror"
21,"46.160","Provisionshandel med textilier, kläder, skodon och lädervaror"
21,"46.17","Provisionshandel med livsmedel, drycker och tobak"
21,"46.170","Provisionshandel med livsmedel, drycker och tobak"
21,"46.18","Provisionshandel med annat specialsortiment"
21,"46.180","Provisionshandel med annat specialsortiment"
21,"46.19","Provisionshandel med blandat sortiment"
21,"46.190","Provisionshandel med blandat sortiment"
21,"46.2","Partihandel med jordbruksråvaror och levande djur"
21,"46.21","Partihandel med spannmål, råtobak, utsäde och djurfoder"
21,"46.210","Partihandel med spannmål, råtobak, utsäde och djurfoder"
21,"46.22","Partihandel med blommor och växter"
21,"46.220","Partihandel med blommor och växter"
21,"46.23","Partihandel med levande djur"
21,"46.230","Partihandel med levande djur"
21,"46.24","Partihandel med hudar, skinn och läder"
21,"46.240","Partihandel med hudar, skinn och läder"
21,"46.3","Partihandel med livsmedel, drycker och tobak"
21,"46.31","Partihandel med frukt och grönsaker"
21,"46.310","Partihandel med frukt och grönsaker"
21,"46.32","Partihandel med kött- och köttvaror"
21,"46.320","Partihandel med kött- och köttvaror"
21,"46.33","Partihandel med mejeriprodukter, ägg, matolja och matfett"
21,"46.330","Partihandel med mejeriprodukter, ägg, matolja och matfett"
21,"46.34","Partihandel med drycker"
21,"46.340","Partihandel med drycker"
21,"46.35","Partihandel med tobak"
21,"46.350","Partihandel med tobak"
21,"46.36","Partihandel med socker, choklad och sockerkonfektyrer"
21,"46.360","Partihandel med socker, choklad och sockerkonfektyrer"
21,"46.37","Partihandel med kaffe, te, kakao och kryddor"
21,"46.370","Partihandel med kaffe, te, kakao och kryddor"
21,"46.38","Partihandel med andra livsmedel, bl.a. fisk samt skal- och blötdjur"
21,"46.380","Partihandel med andra livsmedel, bl.a. fisk samt skal- och blötdjur"
21,"46.39","Icke specialiserad partihandel med livsmedel, drycker och tobak"
21,"46.390","Icke specialiserad partihandel med livsmedel, drycker och tobak"
21,"46.4","Partihandel med hushållsvaror"
21,"46.41","Partihandel med textilier"
21,"46.410","Partihandel med textilier"
21,"46.42","Partihandel med kläder och skodon"
21,"46.420","Partihandel med kläder och skodon"
21,"46.43","Partihandel med hushållsapparater, samt elartiklar"
21,"46.431","Partihandel med elektriska hushållsmaskiner och -apparater"
21,"46.432","Partihandel med ljud- och bildanläggningar samt videoutrustning"
21,"46.433","Partihandel med inspelade band och skivor för musik och bild"
21,"46.434","Partihandel med elartiklar"
21,"46.435","Partihandel med fotografiska och optiska produkter"
21,"46.44","Partihandel med glas och porslin, rengöringsmedel"
21,"46.440","Partihandel med glas och porslin, rengöringsmedel"
21,"46.45","Partihandel med parfym och kosmetika"
21,"46.450","Partihandel med parfym och kosmetika"
21,"46.46","Partihandel med medicinsk utrustning och apoteksvaror"
21,"46.460","Partihandel med medicinsk utrustning och apoteksvaror"
21,"46.47","Partihandel med möbler, mattor och belysningsartiklar"
21,"46.470","Partihandel med möbler, mattor och belysningsartiklar"
21,"46.48","Partihandel med ur och guldsmedsvaror"
21,"46.480","Partihandel med ur och guldsmedsvaror"
21,"46.49","Partihandel med andra hushållsvaror"
21,"46.491","Partihandel med sport- och fritidsartiklar"
21,"46.492","Partihandel med kontorsförbrukningsvaror"
21,"46.499","Partihandel med övriga hushållsvaror"
21,"46.5","Partihandel med informations- och kommunikationsutrustning"
21,"46.51","Partihandel med datorer och kringutrustning samt programvara"
21,"46.510","Partihandel med datorer och kringutrustning samt programvara"
21,"46.52","Partihandel med elektronik- och telekommunikationsutrustning"
21,"46.521","Partihandel med elektronikkomponenter"
21,"46.522","Partihandel med teleprodukter"
21,"46.6","Partihandel med övriga maskiner och övrig utrustning"
21,"46.61","Partihandel med jordbruksmaskiner och -utrustning"
21,"46.610","Partihandel med jordbruksmaskiner och -utrustning"
21,"46.62","Partihandel med verktygsmaskiner"
21,"46.620","Partihandel med verktygsmaskiner"
21,"46.63","Partihandel med gruv-, bygg- och anläggningsmaskiner"
21,"46.630","Partihandel med gruv-, bygg- och anläggningsmaskiner"
21,"46.64","Partihandel med textil-, sy- och stickmaskiner"
21,"46.640","Partihandel med textil-, sy- och stickmaskiner"
21,"46.65","Partihandel med kontorsmöbler"
21,"46.650","Partihandel med kontorsmöbler"
21,"46.66","Partihandel med andra kontorsmaskiner och kontorsutrustning"
21,"46.660","Partihandel med andra kontorsmaskiner och kontorsutrustning"
21,"46.69","Partihandel med andra maskiner och annan utrustning"
21,"46.691","Partihandel med mät- och precisionsinstrument"
21,"46.692","Partihandel med datoriserad materialhanteringsutrustning"
21,"46.699","Partihandel med diverse övriga maskiner och utrustning"
21,"46.7","Annan specialiserad partihandel"
21,"46.71","Partihandel med bränslen"
21,"46.710","Partihandel med bränslen"
21,"46.72","Partihandel med metaller och metallmalmer"
21,"46.720","Partihandel med metaller och metallmalmer"
21,"46.73","Partihandel med virke, andra byggmaterial och sanitetsgods"
21,"46.731","Partihandel med virke och andra byggmaterial"
21,"46.732","Partihandel med sanitetsgods"
21,"46.74","Partihandel med järnhandelsvaror och VVS-armatur"
21,"46.741","Partihandel med järnhandelsvaror"
21,"46.742","Partihandel med VVS-varor"
21,"46.75","Partihandel med kemiska produkter"
21,"46.750","Partihandel med kemiska produkter"
21,"46.76","Partihandel med andra insatsvaror"
21,"46.761","Partihandel med industriförnödenheter"
21,"46.762","Partihandel med emballage"
21,"46.769","Partihandel med övriga insatsvaror"
22,"46.77","Partihandel med avfallsprodukter och skrot"
22,"46.771","Partihandel med uttjänta fordon"
22,"46.772","Partihandel med metallavfall och metallskrot"
22,"46.773","Partihandel med avfall och skrot av icke-metall"
21,"46.9","Övrig partihandel"
21,"46.90","Övrig partihandel"
21,"46.900","Övrig partihandel"
21,"47","Detaljhandel utom med motorfordon och motorcyklar"
21,"47.1","Butiker, varuhus och stormarknader med brett sortiment"
21,"47.11","Butiker, varuhus och stormarknader med brett sortiment, mest livsmedel, drycker och tobak"
21,"47.111","Varuhus och stormarknader med brett sortiment, mest livsmedel, drycker och tobak"
21,"47.112","Livsmedelsbutiker med brett sortiment"
21,"47.19","Andra butiker, varuhus och stormarknader med brett sortiment"
21,"47.191","Andra varuhus och stormarknader"
21,"47.199","Övriga butiker med brett sortiment"
21,"47.2","Specialiserade livsmedelsbutiker samt systembutiker och tobaksaffärer"
21,"47.21","Frukt- och grönsaksaffärer"
21,"47.210","Frukt- och grönsaksaffärer"
21,"47.22","Kött- och charkuteriaffärer"
21,"47.220","Kött- och charkuteriaffärer"
21,"47.23","Fiskaffärer"
21,"47.230","Fiskaffärer"
21,"47.24","Bröd- och konfektyrbutiker"
21,"47.241","Brödbutiker"
21,"47.242","Konfektyrbutiker"
21,"47.25","Systembutiker"
21,"47.250","Systembutiker"
21,"47.26","Tobaksaffärer"
21,"47.260","Tobaksaffärer"
21,"47.29","Andra specialbutiker med livsmedel"
21,"47.291","Hälsokostbutiker"
21,"47.299","Övriga specialbutiker med livsmedel"
21,"47.3","Bensinstationer"
21,"47.30","Bensinstationer"
21,"47.300","Bensinstationer"
21,"47.4","Butiker för informations- och kommunikationsutrustning"
21,"47.41","Datorbutiker; data- och tv-spelsbutiker"
21,"47.410","Datorbutiker; data- och tv-spelsbutiker"
21,"47.42","Telebutiker"
21,"47.420","Telebutiker"
21,"47.43","Radio- och TV-affärer"
21,"47.430","Radio- och TV-affärer"
21,"47.5","Butiker för heminredningsartiklar och husgeråd"
21,"47.51","Garn-, tyg- och sybehörsaffärer"
21,"47.510","Garn-, tyg- och sybehörsaffärer"
21,"47.52","Butiker för bygg-, järn- och VVS-varor samt färger och glas"
21,"47.521","Byggvaruhandel"
21,"47.522","Järn- och VVS-varuhandel"
21,"47.523","Färghandel"
21,"47.53","Specialiserade butiker för mattor och inredningstextilier"
21,"47.531","Tapet-, matt- och golvbeläggningshandel"
21,"47.532","Hemtextilbutiker"
21,"47.54","Butiker för vitvaror och andra elektriska hushållsmaskiner och -apparater"
21,"47.540","Butiker för vitvaror och andra elektriska hushållsmaskiner och -apparater"
21,"47.59","Butiker för möbler, belysnings- och heminredningsartiklar"
21,"47.591","Möbelaffärer"
21,"47.592","Kontorsmöbelhandel "
21,"47.593","Bosättningsaffärer"
21,"47.594","Butiker för belysningsartiklar"
21,"47.595","Musikhandel"
21,"47.6","Butiker för kultur- och fritidsartiklar"
21,"47.61","Bokhandel"
21,"47.610","Bokhandel"
21,"47.62","Tidnings- och pappershandel"
21,"47.621","Tidningshandel"
21,"47.622","Pappershandel"
21,"47.63","Skiv- och videobutiker"
21,"47.630","Skiv- och videobutiker"
21,"47.64","Sportaffärer"
21,"47.641","Sportaffärer"
21,"47.642","Cykelaffärer"
21,"47.643","Båt- och båttillbehörshandel"
21,"47.65","Leksaksaffärer"
21,"47.650","Leksaksaffärer"
21,"47.7","Butiker för övriga hushållsvaror"
21,"47.71","Klädesaffärer"
21,"47.711","Affärer för herr-, dam- och barnkläder, blandat"
21,"47.712","Herrklädesaffärer"
21,"47.713","Damklädesaffärer"
21,"47.714","Barnklädesaffärer"
21,"47.715","Pälsaffärer"
21,"47.72","Sko- och väskaffärer"
21,"47.721","Skoaffärer"
21,"47.722","Väskaffärer"
21,"47.73","Apotek"
21,"47.730","Apotek"
21,"47.74","Sjukvårdsbutiker"
21,"47.740","Sjukvårdsbutiker"
21,"47.75","Parfymaffärer"
21,"47.750","Parfymaffärer"
21,"47.76","Blomster- och trädgårdsvaruhandel; zooaffärer"
21,"47.761","Blomster- och trädgårdsvaruhandel"
21,"47.762","Zooaffärer"
21,"47.77","Uraffärer och guldsmedsaffärer"
21,"47.771","Uraffärer"
21,"47.772","Guldsmedsaffärer"
21,"47.78","Butikshandel med andra nya varor"
21,"47.781","Optiker"
21,"47.782","Fotoaffärer"
21,"47.783","Konsthandel och gallerier"
21,"47.784","Mynt- och frimärksaffärer"
21,"47.789","Butiker med övrigt specialsortiment"
21,"47.79","Antikvitetsaffärer och second hand-butiker m.m."
21,"47.791","Antikvitetsaffärer och antikvariat"
21,"47.792","Second hand-butiker m.m."
21,"47.793","Auktioner i butik"
21,"47.8","Torg- och marknadshandel"
21,"47.81","Torg- och marknadshandel med livsmedel, drycker och tobak"
21,"47.810","Torg- och marknadshandel med livsmedel, drycker och tobak"
21,"47.82","Torg- och marknadshandel med textilier, kläder och skodon"
21,"47.820","Torg- och marknadshandel med textilier, kläder och skodon"
21,"47.89","Torg- och marknadshandel med övriga varor"
21,"47.890","Torg- och marknadshandel med övriga varor"
21,"47.9","Detaljhandel ej i butik, på torg eller marknad"
21,"47.91","Postorderhandel och detaljhandel på Internet"
21,"47.911","Postorderhandel och detaljhandel på Internet med brett sortiment"
21,"47.912","Postorderhandel och detaljhandel på Internet med beklädnadsvaror"
21,"47.913","Postorderhandel och detaljhandel på Internet med böcker och andra mediavaror"
21,"47.914","Postorderhandel och detaljhandel på Internet med datorer och annan elektronisk utrustning"
21,"47.915","Postorderhandel och detaljhandel på Internet med sport- och fritidsutrustning"
21,"47.916","Postorderhandel och detaljhandel på Internet med bosättningsvaror"
21,"47.917","Auktioner på Internet"
21,"47.919","Postorderhandel och detaljhandel på Internet med övriga varor"
21,"47.99","Övrig detaljhandel ej i butik, på torg eller marknad"
21,"47.991","Provisionsdetaljhandel (ej auktioner)"
21,"47.992","Ambulerande och tillfällig handel med livsmedel"
21,"47.993","Ambulerande och tillfällig handel med övriga varor"
21,"47.994","Auktioner ej i butik eller på Internet"
21,"47.999","Övrig detaljhandel ej i butik"
21,"H","Transport- och magasineringsföretag"
21,"49","Landtransportföretag; rörtransportföretag"
21,"49.1","Järnvägsbolag, passagerartrafik"
21,"49.10","Järnvägsbolag, passagerartrafik"
21,"49.100","Järnvägsbolag, passagerartrafik"
21,"49.2","Järnvägsbolag, godstrafik"
21,"49.20","Järnvägsbolag, godstrafik"
21,"49.200","Järnvägsbolag, godstrafik"
21,"49.3","Kollektivtrafik- och linjebussföretag"
21,"49.31","Kollektivtrafikföretag"
21,"49.311","Linjebussföretag"
21,"49.319","Övriga kollektivtrafikföretag"
21,"49.32","Taxiföretag"
21,"49.320","Taxiföretag"
21,"49.39","Charterbussföretag, bussföretag för fjärrtrafik"
21,"49.390","Charterbussföretag, bussföretag för fjärrtrafik"
21,"49.4 ","Åkerier och flyttfirmor"
21,"49.41","Åkerier"
21,"49.410","Åkerier"
21,"49.42","Flyttfirmor"
21,"49.420","Flyttfirmor"
21,"49.5 ","Rörtransportföretag"
21,"49.50","Rörtransportföretag"
21,"49.500","Rörtransportföretag"
21,"50","Rederier"
21,"50.1","Havs- och kustsjöfartsrederier, passagerartrafik"
21,"50.10","Havs- och kustsjöfartsrederier, passagerartrafik"
21,"50.101","Havs- och kustsjöfartsrederier, reguljär passagerartrafik"
21,"50.102","Havs- och kustsjöfartsrederier, icke reguljär passagerartrafik"
21,"50.2","Havs- och kustsjöfartsrederier, godstrafik"
21,"50.20","Havs- och kustsjöfartsrederier, godstrafik"
21,"50.201","Havs- och kustsjöfartsrederier, reguljär godstrafik"
21,"50.202","Havs- och kustsjöfartsrederier, icke reguljär godstrafik"
21,"50.3","Rederier för sjöfart på inre vattenvägar, passagerartrafik"
21,"50.30","Rederier för sjöfart på inre vattenvägar, passagerartrafik"
21,"50.301","Rederier för sjöfart på inre vattenvägar, reguljär passagerartrafik"
21,"50.302","Rederier för sjöfart på inre vattenvägar, icke reguljär passagerartrafik"
21,"50.4","Rederier för sjöfart på inre vattenvägar, godstrafik"
21,"50.40","Rederier för sjöfart på inre vattenvägar, godstrafik"
21,"50.401","Rederier för sjöfart på inre vattenvägar, reguljär godstrafik"
21,"50.402","Rederier för sjöfart på inre vattenvägar, icke reguljär godstrafik"
21,"51","Flygbolag"
21,"51.1","Flygbolag, passagerartrafik"
21,"51.10","Flygbolag, passagerartrafik"
21,"51.101","Flygbolag, reguljär passagerartrafik"
21,"51.102","Charter- och taxiflygbolag"
21,"51.2","Flygbolag, godstrafik och rymdfartsbolag"
21,"51.21","Flygbolag, godstrafik"
21,"51.211","Flygbolag, reguljär godstrafik"
21,"51.212","Flygbolag, icke reguljär godstrafik"
21,"51.22","Rymdfartsbolag"
21,"51.220","Rymdfartsbolag"
21,"52","Magasin och serviceföretag till transport"
21,"52.1","Centrallager och magasin"
21,"52.10","Centrallager och magasin"
21,"52.100","Centrallager och magasin"
21,"52.2","Serviceföretag till transport"
21,"52.21","Serviceföretag till landtransport"
21,"52.211","Bärgningsföretag för landtransport"
21,"52.219","Övriga serviceföretag till landtransport"
21,"52.22","Hamnföretag och andra serviceföretag till sjötransport"
21,"52.220","Hamnföretag och andra serviceföretag till sjötransport"
21,"52.23","Flygplatser och andra serviceföretag till lufttransport"
21,"52.230","Flygplatser och andra serviceföretag till lufttransport"
21,"52.24","Godsterminaler"
21,"52.241","Hamngodsterminaler"
21,"52.249","Övriga godsterminaler"
21,"52.29","Övriga serviceföretag till transport"
21,"52.290","Övriga serviceföretag till transport"
21,"53","Post- och kurirföretag"
21,"53.1","Nationella posten"
21,"53.10","Nationella posten"
21,"53.100","Nationella posten"
21,"53.2","Budbils-, kurir- och andra postföretag"
21,"53.20","Budbils-, kurir- och andra postföretag"
21,"53.201","Andra postföretag"
21,"53.202","Budbils- och kurirföretag"
21,"53.203","Tidningsdistributionsföretag"
21,"I","Hotell och restauranger"
21,"55","Hotell, semesterbostäder, vandrarhem, campingplatser m.m."
21,"55.1","Hotell"
21,"55.10","Hotell"
21,"55.101","Hotell med restaurang "
21,"55.102","Konferensanläggningar"
21,"55.103","Hotell utan restaurang"
21,"55.2","Semesterbyar, vandrarhem, stugbyar m.m."
21,"55.20","Semesterbyar"
21,"55.201","Vandrarhem m.m."
21,"55.202","Stugbyar m.m."
21,"55.3","Campingplatser m.m."
21,"55.30","Campingplatser m.m."
21,"55.300","Campingplatser m.m."
21,"55.9","Andra logier"
21,"55.90","Andra logier"
21,"55.900","Andra logier"
21,"56","Restauranger, cateringföretag, barer och pubar"
21,"56.1","Restauranger"
21,"56.10","Restauranger"
21,"56.100","Restauranger"
21,"56.2","Cateringföretag och centralkök"
21,"56.21","Cateringföretag för enskilda evenemang"
21,"56.210","Cateringföretag för enskilda evenemang"
21,"56.29","Andra cateringföretag och centralkök"
21,"56.291","Personalmatsalar"
21,"56.292","Centralkök för sjukhus"
21,"56.293","Centralkök för skolor, omsorgs- och andra institutioner"
21,"56.294","Cateringföretag för transportsektorn"
21,"56.299","Övriga cateringföretag"
21,"56.3","Barer och pubar"
21,"56.30","Barer och pubar"
21,"56.300","Barer och pubar"
21,"J","Informations- och kommunikationsföretag"
21,"58","Förlag"
21,"58.1","Bokförlag, tidningsförlag, tidskriftsförlag m.m."
21,"58.11","Bokförlag"
21,"58.110","Bokförlag"
21,"58.12","Utgivare av kataloger och sändlistor"
21,"58.120","Utgivare av kataloger och sändlistor"
21,"58.13","Tidningsförlag"
21,"58.131","Dagstidningsförlag"
21,"58.132","Annonstidningsförlag"
21,"58.14","Tidskriftsförlag "
21,"58.140","Tidskriftsförlag "
21,"58.19","Andra förlag"
21,"58.190","Andra förlag"
21,"58.2 ","Programvaruutgivare"
21,"58.21","Utgivare av dataspel"
21,"58.210","Utgivare av dataspel"
21,"58.29","Utgivare av annan programvara"
21,"58.290","Utgivare av annan programvara"
21,"59","Film-, video och TV-programföretag, ljudinspelningsstudior och fonogramutgivare"
21,"59.1","Film-, video och TV-programföretag"
21,"59.11","Produktionsbolag för film, video och TV-program"
21,"59.110","Produktionsbolag för film, video och TV-program"
21,"59.12","Bolag för efterproduktion av film, video och TV-program"
21,"59.120","Bolag för efterproduktion av film, video och TV-program"
21,"59.13","Distributionsbolag för film-, video- och TV-program"
21,"59.130","Distributionsbolag för film-, video- och TV-program"
21,"59.14","Biografer"
21,"59.140","Biografer"
21,"59.2","Ljudinspelningsstudior och fonogramutgivare"
21,"59.20","Ljudinspelningsstudior och fonogramutgivare"
21,"59.200","Ljudinspelningsstudior och fonogramutgivare"
21,"60","Radio- och TV-bolag"
21,"60.1","Radiobolag"
21,"60.10","Radiobolag"
21,"60.100","Radiobolag"
21,"60.2","TV-bolag"
21,"60.20","TV-bolag"
21,"60.200","TV-bolag"
21,"61","Telekommunikationsbolag"
21,"61.1","Telekommunikationsbolag, trådbundet"
21,"61.10","Telekommunikationsbolag, trådbundet"
21,"61.100","Telekommunikationsbolag, trådbundet"
21,"61.2","Telekommunikationsbolag, trådlöst"
21,"61.20","Telekommunikationsbolag, trådlöst"
21,"61.200","Telekommunikationsbolag, trådlöst"
21,"61.3","Telekommunikationsbolag, satellit"
21,"61.30","Telekommunikationsbolag, satellit"
21,"61.300","Telekommunikationsbolag, satellit"
21,"61.9","Andra telekommunikationsbolag"
21,"61.90","Andra telekommunikationsbolag"
21,"61.900","Andra telekommunikationsbolag"
21,"62","Programvaruproducenter, datakonsulter o.d."
21,"62.0","Programvaruproducenter, datakonsulter o.d."
21,"62.01","Programvaruproducenter"
21,"62.010","Programvaruproducenter"
21,"62.02","Datakonsulter"
21,"62.020","Datakonsulter"
21,"62.03","Företag för datordrifttjänster"
21,"62.030","Företag för datordrifttjänster"
21,"62.09","Andra IT- och datatjänstföretag"
21,"62.090","Andra IT- och datatjänstföretag"
21,"63","Informationstjänstföretag"
21,"63.1","Dataservicebyråer, hostingföretag o.d.; webbportaler"
21,"63.11","Dataservicebyråer, hostingföretag o.d."
21,"63.110","Dataservicebyråer, hostingföretag o.d."
21,"63.12","Webbportaler"
21,"63.120","Webbportaler"
21,"63.9","Andra informationstjänstföretag"
21,"63.91","Nyhets- och bildbyråer"
21,"63.910","Nyhets- och bildbyråer"
21,"63.99","Övriga informationstjänstföretag"
21,"63.990","Övriga informationstjänstföretag"
21,"K","Kreditinstitut och försäkringsbolag"
21,"64","Banker och andra kreditinstitut"
21,"64.1","Banker"
21,"64.11","Riksbanken"
21,"64.110","Riksbanken"
21,"64.19","Affärs- och sparbanker"
21,"64.190","Affärs- och sparbanker"
21,"64.2","Holdingföretag"
21,"64.20","Holdingföretag"
21,"64.201","Holdingföretag i finansiella koncerner"
21,"64.202","Holdingföretag i icke-finansiella koncerner"
21,"64.3","Fonder och liknande finansiella enheter"
21,"64.30","Fonder och liknande finansiella enheter"
21,"64.301","Investeringsfonder"
21,"64.309","Andra fonder och liknande finansiella enheter"
21,"64.9","Andra finansiella bolag"
21,"64.91","Finansiella leasingbolag"
21,"64.910","Finansiella leasingbolag"
21,"64.92","Andra kreditinstitut"
21,"64.920","Andra kreditinstitut"
21,"64.99","Övriga finansiella bolag"
21,"64.991","Investment- och riskkapitalbolag"
21,"64.992","Handel med och förvaltning av värdepapper, för egen räkning "
21,"64.993","Förvaltning av och handel med värdepapper för en begränsad och sluten krets av ägare"
21,"64.999","Diverse övriga finansiella bolag"
21,"65","Försäkrings- och återförsäkringsbolag, pensionsfonder"
21,"65.1","Försäkringsbolag"
21,"65.11","Livförsäkringsbolag"
21,"65.111","Fondförsäkringsbolag"
21,"65.119","Övriga livförsäkringsbolag"
21,"65.12","Skadeförsäkringsbolag"
21,"65.120","Skadeförsäkringsbolag"
21,"65.2","Återförsäkringsbolag"
21,"65.20","Återförsäkringsbolag"
21,"65.200","Återförsäkringsbolag"
21,"65.3","Pensionsfonder"
21,"65.30","Pensionsfonder"
21,"65.300","Pensionsfonder"
21,"66","Serviceföretag till finans- och försäkringsverksamhet"
21,"66.1","Serviceföretag till finansverksamhet"
21,"66.11","Administrativa serviceföretag till finansiella marknader"
21,"66.110","Administrativa serviceföretag till finansiella marknader"
21,"66.12","Fondkommissionärer m.fl."
21,"66.120","Fondkommissionärer m.fl."
21,"66.19","Andra serviceföretag till finansverksamhet"
21,"66.190","Andra serviceföretag till finansverksamhet"
21,"66.2","Serviceföretag till försäkrings- och pensionsfondsverksamhet"
21,"66.21","Risk- och skadebedömningsbolag"
21,"66.210","Risk- och skadebedömningsbolag"
21,"66.22","Försäkringsmäklare"
21,"66.220","Försäkringsmäklare"
21,"66.29","Andra serviceföretag till försäkrings- och pensionsfondsverksamhet"
21,"66.290","Andra serviceföretag till försäkrings- och pensionsfondsverksamhet"
21,"66.3","Fondförvaltare"
21,"66.30","Fondförvaltare"
21,"66.301","Förvaltare av investeringsfonder"
21,"66.309","Andra fondförvaltare"
21,"L","Fastighetsbolag och fastighetsförvaltare"
21,"68","Fastighetsbolag och fastighetsförvaltare"
21,"68.1","Handel med egna fastigheter"
21,"68.10","Handel med egna fastigheter"
21,"68.100","Handel med egna fastigheter"
21,"68.2","Förvaltare av egna eller arrenderade fastigheter"
21,"68.20 ","Förvaltare av egna eller arrenderade fastigheter"
21,"68.201","Fastighetsbolag, bostäder"
21,"68.202","Fastighetsbolag, industrilokaler"
21,"68.203","Fastighetsbolag, andra lokaler"
21,"68.204","Bostadsrättsföreningar"
21,"68.209","Övriga fastighetsbolag"
21,"68.3","Fastighetsförmedlare och fastighetsförvaltare på uppdrag"
21,"68.31","Fastighetsförmedlare"
21,"68.310","Fastighetsförmedlare "
21,"68.32 ","Fastighetsförvaltare på uppdrag"
21,"68.320","Fastighetsförvaltare på uppdrag"
21,"M","Företag inom juridik, ekonomi, vetenskap och teknik"
21,"69","Juridiska och ekonomiska konsultbyråer"
21,"69.1","Juridiska konsultbyråer"
21,"69.10","Juridiska konsultbyråer"
21,"69.101","Advokatbyråer"
21,"69.102","Juridiska byråer m.m."
21,"69.103","Patentbyråer m.m."
21,"69.2","Ekonomiska konsultbyråer"
21,"69.20 ","Ekonomiska konsultbyråer"
21,"69.201","Redovisnings- och bokföringsbyråer "
21,"69.202","Revisionsbyråer "
21,"69.203","Skatterådgivningsbyråer"
21,"70","Huvudkontor; konsultbyråer inom PR och kommunikation samt företags organisation"
21,"70.1","Huvudkontor"
21,"70.10","Huvudkontor"
21,"70.100","Huvudkontor"
21,"70.2","Konsultbyråer inom PR och kommunikation samt företags organisation"
21,"70.21","Konsultbyråer avseende företags PR och kommunikation"
21,"70.210","Konsultbyråer avseende företags PR och kommunikation"
21,"70.22","Konsultbyråer avseende företags organisation"
21,"70.220","Konsultbyråer avseende företags organisation"
21,"71","Arkitektkontor, tekniska konsultbyråer, tekniska provnings- och analysföretag"
21,"71.1","Arkitektkontor och tekniska konsultbyråer o.d."
21,"71.11","Arkitektkontor "
21,"71.110","Arkitektkontor "
21,"71.12","Tekniska konsultbyråer o.d."
21,"71.121","Tekniska konsultbyråer inom bygg- och anläggningsteknik"
21,"71.122","Tekniska konsultbyråer inom industriteknik"
21,"71.123","Tekniska konsultbyråer inom elteknik"
21,"71.124","Tekniska konsultbyråer inom energi-, miljö- och VVS-teknik"
21,"71.129","Övriga tekniska konsultbyråer"
21,"71.2","Tekniska provnings- och analysföretag"
21,"71.20","Tekniska provnings- och analysföretag"
21,"71.200","Tekniska provnings- och analysföretag"
21,"72","Forsknings- och utvecklingsinstitutioner"
21,"72.1","Naturvetenskapliga och tekniska FoU-institutioner"
21,"72.11","Biotekniska FoU-institutioner"
21,"72.110","Biotekniska FoU-institutioner"
21,"72.19","Andra naturvetenskapliga och tekniska FoU-institutioner"
21,"72.190","Andra naturvetenskapliga och tekniska FoU-institutioner"
21,"72.2","Samhällsvetenskapliga och humanistiska FoU-institutioner"
21,"72.20","Samhällsvetenskapliga och humanistiska FoU-institutioner"
21,"72.200","Samhällsvetenskapliga och humanistiska FoU-institutioner"
21,"73","Reklam- och marknadsföringsbyråer; marknadsundersökningsbyråer o.d."
21,"73.1","Reklam- och marknadsföringsbyråer"
21,"73.11","Reklambyråer o.d."
21,"73.111","Reklambyråer "
21,"73.112","Direktreklamföretag"
21,"73.119","Övriga reklamföretag"
21,"73.12","Mediebyråer o.d."
21,"73.120","Mediebyråer o.d."
21,"73.2","Marknads- och opinionsundersökningsföretag"
21,"73.20","Marknads- och opinionsundersökningsföretag"
21,"73.200","Marknads- och opinionsundersökningsföretag"
21,"74","Andra företag inom juridik, ekonomi, vetenskap och teknik"
21,"74.1","Specialiserade designföretag"
21,"74.10","Specialiserade designföretag"
21,"74.101","Industri- och produktdesignföretag"
21,"74.102","Grafiska designföretag"
21,"74.103","Inredningsarkitektföretag"
21,"74.2","Fotoateljéer och fotolaboratorier"
21,"74.20","Fotoateljéer och fotolaboratorier"
21,"74.201","Porträttfotoateljéer"
21,"74.202","Reklamfotoateljéer"
21,"74.203","Press- och övriga fotografer"
21,"74.204","Fotolaboratorier"
21,"74.3","Översättnings- och tolkningsbyråer"
21,"74.30","Översättnings- och tolkningsbyråer"
21,"74.300 ","Översättnings- och tolkningsbyråer"
21,"74.9","Övriga företag inom juridik, ekonomi, vetenskap och teknik"
21,"74.90","Övriga företag inom juridik, ekonomi, vetenskap och teknik"
21,"74.900","Övriga företag inom juridik, ekonomi, vetenskap och teknik"
21,"75","Veterinärkliniker"
21,"75.0","Veterinärkliniker"
21,"75.00","Veterinärkliniker"
21,"75.000","Veterinärkliniker"
21,"N","Företag inom uthyrning, fastighetsservice, resetjänster och andra stödtjänster"
21,"77","Uthyrningsfirmor   "
21,"77.1","Motorfordonsuthyrare"
21,"77.11","Personbilsuthyrare"
21,"77.110","Personbilsuthyrare"
21,"77.12","Lastbilsuthyrare"
21,"77.120","Lastbilsuthyrare"
21,"77.2","Uthyrare av hushållsartiklar och varor för personligt bruk"
21,"77.21 ","Uthyrare av fritids- och sportutrustning"
21,"77.210","Uthyrare av fritids- och sportutrustning"
21,"77.22","Uthyrare av videokassetter och dvd-skivor"
21,"77.220","Uthyrare av videokassetter och dvd-skivor"
21,"77.29","Uthyrare av andra hushållsartiklar och varor för personligt bruk"
21,"77.290","Uthyrare av andra hushållsartiklar och varor för personligt bruk"
21,"77.3","Uthyrare av annan utrustning och andra maskiner och materiella tillgångar"
21,"77.31","Uthyrare av jordbruksmaskiner och jordbruksredskap"
21,"77.310","Uthyrare av jordbruksmaskiner och jordbruksredskap"
21,"77.32","Uthyrare av bygg- och anläggningsmaskiner"
21,"77.320","Uthyrare av bygg- och anläggningsmaskiner"
21,"77.33","Uthyrare av kontorsmaskiner och kontorsutrustning (inklusive datorer)"
21,"77.330","Uthyrare av kontorsmaskiner och kontorsutrustning (inklusive datorer)"
21,"77.34","Fartygsuthyrare"
21,"77.340","Fartygsuthyrare"
21,"77.35","Flygplansuthyrare"
21,"77.350","Flygplansuthyrare"
21,"77.39","Uthyrare av övrig utrustning och övriga maskiner och materiella tillgångar"
21,"77.390","Uthyrare av övrig utrustning och övriga maskiner och materiella tillgångar"
21,"77.4","Leasinggivare av immateriell egendom och liknande produkter"
21,"77.40","Leasinggivare av immateriell egendom och liknande produkter"
21,"77.400","Leasinggivare av immateriell egendom och liknande produkter"
21,"78","Arbetsförmedlingar, rekryteringsföretag, personaluthyrningsföretag o.d."
21,"78.1","Arbetsförmedlingar och rekryteringsföretag"
21,"78.10","Arbetsförmedlingar och rekryteringsföretag"
21,"78.100","Arbetsförmedlingar och rekryteringsföretag"
21,"78.2","Personaluthyrningsföretag "
21,"78.20","Personaluthyrningsföretag "
21,"78.200","Personaluthyrningsföretag "
21,"78.3","Företag för övrigt tillhandahållande av personalfunktioner"
21,"78.30","Företag för övrigt tillhandahållande av personalfunktioner"
21,"78.300","Företag för övrigt tillhandahållande av personalfunktioner"
21,"79","Resebyråer och researrangörer; turistbyråer"
21,"79.1","Resebyråer och researrangörer"
21,"79.11","Resebyråer "
21,"79.110","Resebyråer "
21,"79.12","Researrangörer"
21,"79.120","Researrangörer"
21,"79.9","Turistbyråer o.d."
21,"79.90","Turistbyråer o.d."
21,"79.900","Turistbyråer o.d."
21,"80","Företag för bevakning och säkerhetstjänst, detektivbyråer"
21,"80.1","Företag för bevakning och säkerhetstjänst"
21,"80.10","Företag för bevakning och säkerhetstjänst"
21,"80.100","Företag för bevakning och säkerhetstjänst"
21,"80.2","Företag för säkerhetssystemtjänster"
21,"80.20 ","Företag för säkerhetssystemtjänster"
21,"80.200","Företag för säkerhetssystemtjänster"
21,"80.3","Detektivbyråer"
21,"80.30","Detektivbyråer"
21,"80.300","Detektivbyråer"
21,"81","Företag för fastighetsservice samt skötsel och underhåll av grönytor"
21,"81.1","Fastighetsserviceföretag"
21,"81.10","Fastighetsserviceföretag"
21,"81.100","Fastighetsserviceföretag"
21,"81.2","Rengörings- och städföretag o.d."
21,"81.21","Städföretag"
21,"81.210","Städföretag"
21,"81.22","Andra rengöringsföretag för byggnader och industrier"
21,"81.221","Företag för rengöring av byggnader"
21,"81.222","Skorstensfejare"
21,"81.29","Andra rengörings- och städföretag"
21,"81.290","Andra rengörings- och städföretag"
21,"81.3","Företag för skötsel och underhåll av grönytor"
21,"81.30","Företag för skötsel och underhåll av grönytor"
21,"81.300","Företag för skötsel och underhåll av grönytor"
21,"82","Kontors- och andra företagstjänstföretag"
21,"82.1","Kontorstjänstföretag"
21,"82.11","Kontorsservicebyråer"
21,"82.110","Kontorsservicebyråer"
21,"82.19","Byråer för kopiering, dokumentsammanställning och andra specialiserade kontorstjänster"
21,"82.190","Byråer för kopiering, dokumentsammanställning och andra specialiserade kontorstjänster"
21,"82.2","Telefonserviceföretag (callcenterföretag)"
21,"82.20","Telefonserviceföretag (callcenterföretag)"
21,"82.200","Telefonserviceföretag (callcenterföretag)"
21,"82.3","Arrangörer av kongresser och mässor"
21,"82.30","Arrangörer av kongresser och mässor"
21,"82.300","Arrangörer av kongresser och mässor"
21,"82.9","Andra företagstjänstföretag"
21,"82.91","Inkasso- och kreditupplysningsföretag"
21,"82.910","Inkasso- och kreditupplysningsföretag"
21,"82.92","Förpackningsfirmor"
21,"82.920","Förpackningsfirmor"
21,"82.99","Övriga företagstjänstföretag"
21,"82.990","Övriga företagstjänstföretag"
21,"O","Civila myndigheter och försvaret"
21,"84","Civila myndigheter och försvaret"
21,"84.1","Förvaltningsmyndigheter"
21,"84.11","Övergripande förvaltningsmyndigheter"
21,"84.111","Stats- och kommunledande, lagstiftande och planerande organ"
21,"84.112","Inspekterande, kontrollerande och tillståndsgivande myndigheter"
21,"84.113","Skatteförvaltningen och kronofogdemyndigheter"
21,"84.114","Informationsverk"
21,"84.115","Stödmyndigheter till offentlig förvaltning"
21,"84.12","Myndigheter som administrerar vård, utbildning, kulturell verksamhet och annan samhällsservice"
21,"84.121","Myndigheter som administrerar grundskole- och gymnasieskoleutbildning"
21,"84.122","Myndigheter som administrerar universitets- och högskoleutbildning samt forskning"
21,"84.123","Myndigheter som administrerar hälso- och sjukvård"
21,"84.124","Myndigheter som administrerar social verksamhet"
21,"84.125","Myndigheter som administrerar program för kultur, miljö, boende "
21,"84.13","Myndigheter som administrerar näringslivsprogram"
21,"84.131","Myndigheter som administrerar infrastrukturprogram"
21,"84.132","Myndigheter som administrerar program för jordbruk, skogsbruk, jakt och fiske"
21,"84.133","Myndigheter som administrerar arbetsmarknadsprogram"
21,"84.139","Myndigheter som administrerar andra näringslivsprogram"
21,"84.2 ","Utrikesförvaltningen, försvaret, domstolar och kriminalvårdsanstalter, polisen och brandförsvaret"
21,"84.21","Myndigheter som handlägger utrikes ärenden och biståndsverksamhet"
21,"84.210","Myndigheter som handlägger utrikes ärenden och biståndsverksamhet"
21,"84.22","Totalförsvaret"
21,"84.221","Militära försvaret"
21,"84.222","Centrala militära myndigheter"
21,"84.223","Civila försvaret och frivilligförsvaret"
21,"84.23","Rättskipande myndigheter"
21,"84.231","Åklagarväsende"
21,"84.232","Domstolar"
21,"84.233","Kriminalvårdsanstalter"
21,"84.24","Polisen"
21,"84.240","Polisen"
21,"84.25","Myndigheter inom brand- och räddningsverksamhet"
21,"84.250","Myndigheter inom brand- och räddningsverksamhet"
21,"84.3","Försäkringskassa"
21,"84.30","Försäkringskassa"
21,"84.300","Försäkringskassa"
21,"P","Utbildningsväsendet"
21,"85","Utbildningsväsendet"
21,"85.1","Förskolor"
21,"85.10","Förskolor"
21,"85.100","Förskolor"
21,"85.2","Grundskolor"
21,"85.20","Grundskolor"
21,"85.201","Grundskolor och förskoleklasser"
21,"85.202","Grundsärskolor"
21,"85.3","Gymnasieskolor"
21,"85.31","Gymnasieskolans studieförberedande linjer m.m."
21,"85.311","Gymnasieskolans studieförberedande linjer"
21,"85.312","Kommunala vuxenskolor o.d."
21,"85.32","Gymnasieskolans yrkesinriktade linjer m.m."
21,"85.321","Gymnasieskolans yrkesinriktade linjer"
21,"85.322","Gymnasiesärskolor"
21,"85.323","Andra gymnasieskolor"
21,"85.324","Skolor för yrkesförarutbildning"
21,"85.4","Skolor för eftergymnasial utbildning"
21,"85.41","Skolor för eftergymnasial utbildning vid annat än universitet och högskola"
21,"85.410","Skolor för eftergymnasial utbildning vid annat än universitet och högskola"
21,"85.42","Institutioner vid universitet och högskolor"
21,"85.420","Institutioner vid universitet och högskolor"
21,"85.5","Vuxenutbildnings- och övriga skolor"
21,"85.51","Sport- och fritidsskolor"
21,"85.510","Sport- och fritidsskolor"
21,"85.52","Musik-, dans- och övriga kulturskolor"
21,"85.521","Kommunala kulturskolor"
21,"85.522","Övriga musik-, dans- och kulturskolor"
21,"85.53","Trafikskolor"
21,"85.530","Trafikskolor"
21,"85.59","Övriga utbildningsinstitut"
21,"85.591","Utbildningsföretag m.m. för yrkesinriktad utbildning av arbetsmarknadsskäl"
21,"85.592","Folkhögskolor"
21,"85.593","Studieförbunden och frivilligorganisationernas utbildningsenheter"
21,"85.594","Personalutbildningsinstitut"
21,"85.599","Diverse övriga utbildningsinstitut"
21,"85.6","Stödföretag inom utbildningsväsendet"
21,"85.60","Stödföretag inom utbildningsväsendet"
21,"85.600","Stödföretag inom utbildningsväsendet"
21,"Q","Enheter för vård och omsorg, socialtjänst"
21,"86","Enheter för hälso- och sjukvård"
21,"86.1","Slutenvårdskliniker"
21,"86.10","Slutenvårdskliniker"
21,"86.101","Slutenvårdskliniker för primärvård"
21,"86.102","Slutenvårdskliniker för somatisk sjukvård"
21,"86.103","Slutenvårdskliniker för psykiatrisk sjukvård"
21,"86.2","Hälso- och sjukvårdsmottagningar, tandläkarmottagningar"
21,"86.21","Allmänpraktiserande läkarmottagningar"
21,"86.211","Primärvårdsmottagningar med läkare m.m."
21,"86.212","Andra allmänpraktiserande läkarmottagningar"
21,"86.22","Specialistläkarmottagningar inom öppenvård"
21,"86.221","Specialistläkarmottagningar inom öppenvård, på sjukhus"
21,"86.222","Specialistläkarmottagningar inom öppenvård, ej på sjukhus"
21,"86.23","Tandläkarmottagningar"
21,"86.230","Tandläkarmottagningar"
21,"86.9","Andra enheter för hälso- och sjukvård"
21,"86.90","Andra enheter för hälso- och sjukvård"
21,"86.901","Medicinska laboratorier o.d."
21,"86.902","Företag för ambulanstransporter och ambulanssjukvård"
21,"86.903","Distriktssköterskemottagningar, barnavårdscentraler o.d."
21,"86.904","Tandhygienistmottagningar "
21,"86.905","Enheter för fysioterapeutisk verksamhet  o.d."
21,"86.909","Andra öppna enheter för hälso- och sjukvård, utan läkare"
21,"87","Vårdhem och bostäder med omsorg"
21,"87.1","Vårdhem"
21,"87.10","Vårdhem"
21,"87.100","Vårdhem"
21,"87.2","Hem med särskild service för personer med utvecklingsstörning, psykiska funktionshinder eller missbruksproblem"
21,"87.20","Hem med särskild service för personer med utvecklingsstörning, psykiska funktionshinder eller missbruksproblem"
21,"87.201","Hem med särskild service för personer med utvecklingsstörning eller psykiska funktionshinder "
21,"87.202","Hem med särskild service för barn och ungdomar med missbruksproblem"
21,"87.203","Hem med särskild service för vuxna med missbruksproblem"
21,"87.3","Servicehus, gruppbostäder o.d. för äldre och funktionshindrade personer"
21,"87.30","Servicehus, gruppbostäder o.d. för äldre och funktionshindrade personer"
21,"87.301","Servicehus, servicelägenheter för äldre samt ålderdomshem"
21,"87.302","Gruppbostäder o.d. för funktionshindrade personer"
21,"87.9","Andra enheter för vård och omsorg med boende"
21,"87.90","Andra enheter för vård och omsorg med boende"
21,"87.901","Hem för barn och ungdomar med sociala problem"
21,"87.902","Kvinnohus, övernattningshem för hemlösa o.d."
21,"88","Sociala öppenvårdsenheter, socialkontor"
21,"88.1","Hemtjänst, dagcentraler o.d. för äldre och funktionshindrade personer"
21,"88.10","Hemtjänst, dagcentraler o.d. för äldre och funktionshindrade personer"
21,"88.101","Hemtjänst, dagcentraler o.d. för äldre "
21,"88.102","Hemtjänst, dagcentraler, personlig assistans o.d. för funktionshindrade personer"
21,"88.9","Byråer för öppna sociala insatser, socialkontor o.d."
21,"88.91","Familjedaghem, fritidshem o.d."
21,"88.910","Familjedaghem, fritidshem o.d."
21,"88.99","Övriga byråer för öppna sociala insatser, socialkontor o.d."
21,"88.991","Byråer för öppna sociala insatser för barn och ungdomar"
21,"88.992","Dagcentraler o.d. för vuxna missbrukare"
21,"88.993","Socialkontor o.d."
21,"88.994","Humanitära hjälporganisationer"
21,"88.995","Flyktingförläggningar"
21,"R","Enheter för kultur, nöje och fritid"
21,"90","Enheter för konstnärlig och kulturell verksamhet samt underhållningsverksamhet"
21,"90.0","Enheter för konstnärlig och kulturell verksamhet samt underhållningsverksamhet"
21,"90.01","Producenter av konstnärliga, litterära och artistiska verk"
21,"90.010","Producenter av konstnärliga, litterära och artistiska verk"
21,"90.02","Stödföretag till artistisk verksamhet"
21,"90.020","Stödföretag till artistisk verksamhet"
21,"90.03","Enskilda artister, författare, journalister m.fl."
21,"90.030","Enskilda artister, författare, journalister m.fl."
21,"90.04","Teater- och konserthusföretag o.d."
21,"90.040","Teater- och konserthusföretag o.d."
21,"91","Bibliotek, arkiv och museer m.m."
21,"91.0","Bibliotek, arkiv och museer m.m."
21,"91.01","Bibliotek och arkiv"
21,"91.011","Bibliotek "
21,"91.012","Arkiv"
21,"91.02","Museer "
21,"91.020","Museer "
21,"91.03","Kulturminnesinstitutioner"
21,"91.030","Kulturminnesinstitutioner"
21,"91.04","Botaniska trädgårdar, djurparker och naturreservat"
21,"91.040","Botaniska trädgårdar, djurparker och naturreservat"
21,"92","Spel- och vadhållningsföretag"
21,"92.0","Spel- och vadhållningsföretag"
21,"92.00","Spel- och vadhållningsföretag"
21,"92.000","Spel- och vadhållningsföretag"
21,"93","Sport-, fritids- och nöjesanläggningar"
21,"93.1","Sportanläggningar och idrottsföreningar"
21,"93.11","Sportanläggningar"
21,"93.111","Skidsportanläggningar"
21,"93.112","Golfbanor, golfklubbar"
21,"93.113","Motorbanor"
21,"93.114","Trav- och galoppbanor"
21,"93.119","Sporthallar, idrottsplatser och andra sportanläggningar"
21,"93.12","Sportklubbar och idrottsföreningar"
21,"93.120","Sportklubbar och idrottsföreningar"
21,"93.13","Gymanläggningar"
21,"93.130","Gymanläggningar"
21,"93.19","Professionella idrottsutövare,  sportarrangörer, sportadministratörer o.d."
21,"93.191","Tävlingsstall"
21,"93.199","Professionella idrottsutövare,  sportarrangörer, sportadministratörer"
21,"93.2","Fritids- och nöjesanläggningar"
21,"93.21","Nöjes- och temaparker"
21,"93.210","Nöjes- och temaparker"
21,"93.29","Övriga fritids- och nöjesanläggningar"
21,"93.290","Övriga fritids- och nöjesanläggningar"
21,"S","Andra serviceföretag"
21,"94","Intresseorganisationer och religiösa samfund"
21,"94.1","Bransch-, arbetsgivar- och yrkesorganisationer"
21,"94.11","Bransch- och arbetsgivarorganisationer"
21,"94.111","Branschorganisationer"
21,"94.112","Arbetsgivarorganisationer"
21,"94.12","Yrkesorganisationer"
21,"94.120","Yrkesorganisationer"
21,"94.2","Arbetstagarorganisationer"
21,"94.20","Arbetstagarorganisationer"
21,"94.200","Arbetstagarorganisationer"
21,"94.9","Religiösa samfund och andra intresseorganisationer"
21,"94.91","Religiösa samfund"
21,"94.910","Religiösa samfund"
21,"94.92","Politiska partier och organisationer"
21,"94.920","Politiska partier och organisationer"
21,"94.99","Andra intresseorganisationer"
21,"94.990","Andra intresseorganisationer"
21,"95","Reparationsverkstäder för datorer, hushållsartiklar och personliga artiklar"
21,"95.1","Reparationsverkstäder för datorer och kommunikationsutrustning"
21,"95.11","Reparationsverkstäder för datorer och kringutrustning"
21,"95.110","Reparationsverkstäder för datorer och kringutrustning"
21,"95.12","Reparationsverkstäder för kommunikationsutrustning"
21,"95.120","Reparationsverkstäder för kommunikationsutrustning"
21,"95.2","Reparationsverkstäder för hushållsartiklar och personliga artiklar"
21,"95.21","Reparationsverkstäder för hemelektronik"
21,"95.210","Reparationsverkstäder för hemelektronik"
21,"95.22","Reparationsverkstäder för hushållsapparater samt utrustning för hem och trädgård"
21,"95.220","Reparationsverkstäder för hushållsapparater samt utrustning för hem och trädgård"
21,"95.23","Skomakerier, klackbarer m.m."
21,"95.230","Skomakerier, klackbarer m.m."
21,"95.24","Möbeltapetserare m.m."
21,"95.240","Möbeltapetserare m.m."
21,"95.25","Reparationsverkstäder för ur och guldsmedsvaror"
21,"95.250","Reparationsverkstäder för ur och guldsmedsvaror"
21,"95.29","Reparationsverkstäder för andra hushållsartiklar och personliga artiklar"
21,"95.290","Reparationsverkstäder för andra hushållsartiklar och personliga artiklar"
21,"96","Andra konsumenttjänstföretag"
21,"96.0","Andra konsumenttjänstföretag"
21,"96.01","Tvätterier"
21,"96.011","Industri- och institutionstvätterier"
21,"96.012","Konsumenttvätterier"
21,"96.02","Frisör- och skönhetssalonger"
21,"96.021","Frisörsalonger"
21,"96.022","Skönhetssalonger"
21,"96.03","Begravningsbyråer m.m."
21,"96.030","Begravningsbyråer m.m."
21,"96.04","Inrättningar för kroppsvård"
21,"96.040","Inrättningar för kroppsvård"
21,"96.09","Övriga konsumenttjänstföretag"
21,"96.090","Övriga konsumenttjänstföretag"
21,"T","Förvärvsarbete i hushåll; Hushållsproducenter av diverse varor och tjänster för eget bruk"
21,"97","Förvärvsarbete i hushåll"
21,"97.0","Förvärvsarbete i hushåll"
21,"97.00","Förvärvsarbete i hushåll"
21,"97.000","Förvärvsarbete i hushåll"
21,"98","Hushållsproducenter av diverse varor för eget bruk"
21,"98.1","Hushållsproducenter av diverse varor för eget bruk"
21,"98.10","Hushållsproducenter av diverse varor för eget bruk"
21,"98.100","Hushållsproducenter av diverse varor för eget bruk"
21,"98.2","Hushållsproducenter av diverse tjänster för eget bruk"
21,"98.20","Hushållsproducenter av diverse tjänster för eget bruk"
21,"98.200","Hushållsproducenter av diverse tjänster för eget bruk"
21,"U","Internationella organisationer, utländska ambassader o.d."
21,"99","Internationella organisationer, utländska ambassader o.d."
21,"99.0","Internationella organisationer, utländska ambassader o.d."
21,"99.00","Internationella organisationer, utländska ambassader o.d."
21,"99.000","Internationella organisationer, utländska ambassader o.d."
